[
  {
    "id": "d721cddc-e74b-4e14-9bb9-84203f53c38b",
    "data": [
      {
        "text": "not dim enough",
        "userDefined": false
      }
    ],
    "isTemplate": false,
    "count": 0,
    "updated": 0
  },
  {
    "id": "03ca3304-b795-4e79-b87d-fed6260f665e",
    "data": [
      {
        "text": "too ",
        "userDefined": false
      },
      {
        "text": "bright",
        "meta": "@sys.ignore",
        "userDefined": false
      },
      {
        "text": " for ",
        "userDefined": false
      },
      {
        "text": "me",
        "meta": "@sys.ignore",
        "userDefined": false
      }
    ],
    "isTemplate": false,
    "count": 1,
    "updated": 0
  },
  {
    "id": "65642185-f8ce-4043-85d3-2361f4b04249",
    "data": [
      {
        "text": "less",
        "userDefined": false
      }
    ],
    "isTemplate": false,
    "count": 0,
    "updated": 0
  },
  {
    "id": "faaa5deb-2ed8-4959-9f40-c3c4abcd3592",
    "data": [
      {
        "text": "it",
        "meta": "@sys.ignore",
        "userDefined": false
      },
      {
        "text": "\u0027s ",
        "userDefined": false
      },
      {
        "text": "really",
        "meta": "@sys.ignore",
        "userDefined": false
      },
      {
        "text": " ",
        "userDefined": false
      },
      {
        "text": "bright",
        "meta": "@sys.ignore",
        "userDefined": false
      }
    ],
    "isTemplate": false,
    "count": 0,
    "updated": 0
  },
  {
    "id": "053b5bfe-ad87-4189-859e-d685a69e0854",
    "data": [
      {
        "text": "too ",
        "userDefined": false
      },
      {
        "text": "bright",
        "meta": "@sys.ignore",
        "userDefined": false
      },
      {
        "text": " ",
        "userDefined": false
      },
      {
        "text": "here",
        "meta": "@sys.ignore",
        "userDefined": false
      }
    ],
    "isTemplate": false,
    "count": 0,
    "updated": 0
  },
  {
    "id": "4f40b1ec-32b0-46e9-a29f-01a776b25839",
    "data": [
      {
        "text": "still bright",
        "userDefined": false
      }
    ],
    "isTemplate": false,
    "count": 0,
    "updated": 0
  },
  {
    "id": "36320898-c872-4bb2-a205-41e322d8f91c",
    "data": [
      {
        "text": "too bright",
        "userDefined": false
      }
    ],
    "isTemplate": false,
    "count": 1,
    "updated": 0
  },
  {
    "id": "0c72bd6d-c4a1-4e3b-9407-5b1298f8ef4a",
    "data": [
      {
        "text": "a little less",
        "userDefined": false
      }
    ],
    "isTemplate": false,
    "count": 0,
    "updated": 0
  },
  {
    "id": "ba20fd6c-8199-48cb-bf84-61debd256690",
    "data": [
      {
        "text": "still too bright",
        "userDefined": false
      }
    ],
    "isTemplate": false,
    "count": 0,
    "updated": 0
  },
  {
    "id": "06a44de8-42cc-4a25-8608-b271c87ca33a",
    "data": [
      {
        "text": "it\u0027s too bright",
        "userDefined": false
      }
    ],
    "isTemplate": false,
    "count": 0,
    "updated": 0
  },
  {
    "id": "dd92ab93-c739-4270-8b0c-7f5026187b0d",
    "data": [
      {
        "text": "it is bright",
        "userDefined": false
      }
    ],
    "isTemplate": false,
    "count": 0,
    "updated": 0
  },
  {
    "id": "96f1a369-1835-489c-93e5-2350cdad9d1c",
    "data": [
      {
        "text": "it\u0027s really bright in here",
        "userDefined": false
      }
    ],
    "isTemplate": false,
    "count": 0,
    "updated": 0
  },
  {
    "id": "6e0d50e9-9208-43ec-beed-e83c1ec4d8b4",
    "data": [
      {
        "text": "it is bright here",
        "userDefined": false
      }
    ],
    "isTemplate": false,
    "count": 0,
    "updated": 0
  }
]