[
  {
    "id": "a4c8f868-533d-46a3-87d7-e5ae049a15a9",
    "data": [
      {
        "text": "not bright enough",
        "userDefined": false
      }
    ],
    "isTemplate": false,
    "count": 0,
    "updated": 0
  },
  {
    "id": "fcd357a0-5c83-4ad1-8727-4e81601f3d57",
    "data": [
      {
        "text": "still dark",
        "userDefined": false
      }
    ],
    "isTemplate": false,
    "count": 0,
    "updated": 0
  },
  {
    "id": "9f9db969-b456-4d3c-a515-66a65223d5b5",
    "data": [
      {
        "text": "too dark",
        "userDefined": false
      }
    ],
    "isTemplate": false,
    "count": 0,
    "updated": 0
  },
  {
    "id": "1d9731a2-d062-4487-8c42-731bfc99062a",
    "data": [
      {
        "text": "make brighter",
        "userDefined": false
      }
    ],
    "isTemplate": false,
    "count": 0,
    "updated": 0
  },
  {
    "id": "06571c5e-659a-43dd-b991-a684a513248e",
    "data": [
      {
        "text": "brighter",
        "userDefined": false
      }
    ],
    "isTemplate": false,
    "count": 0,
    "updated": 0
  },
  {
    "id": "e8a7fc9d-2008-46a4-900e-eb1adc359752",
    "data": [
      {
        "text": "a little more",
        "userDefined": false
      }
    ],
    "isTemplate": false,
    "count": 0,
    "updated": 0
  },
  {
    "id": "8f360ed6-3268-468b-af12-d822ff8e9f51",
    "data": [
      {
        "text": "still too dark",
        "userDefined": false
      }
    ],
    "isTemplate": false,
    "count": 0,
    "updated": 0
  },
  {
    "id": "1f9903a9-27df-4b26-9f0b-d39dc84ee9d3",
    "data": [
      {
        "text": "make them brighter",
        "userDefined": false
      }
    ],
    "isTemplate": false,
    "count": 0,
    "updated": 0
  },
  {
    "id": "974b0a4f-15eb-461e-998c-9e2707c7063e",
    "data": [
      {
        "text": "brighten them",
        "userDefined": false
      }
    ],
    "isTemplate": false,
    "count": 0,
    "updated": 0
  },
  {
    "id": "a2608239-c49e-4831-903d-f488f27e00b4",
    "data": [
      {
        "text": "brighten it",
        "userDefined": false
      }
    ],
    "isTemplate": false,
    "count": 0,
    "updated": 0
  },
  {
    "id": "ae4318af-5983-41e3-8ffb-45942ed04e06",
    "data": [
      {
        "text": "it\u0027s too dark",
        "userDefined": false
      }
    ],
    "isTemplate": false,
    "count": 0,
    "updated": 0
  },
  {
    "id": "95f3fc8a-830e-4264-8dd8-85fa178fa775",
    "data": [
      {
        "text": "it is dark",
        "userDefined": false
      }
    ],
    "isTemplate": false,
    "count": 0,
    "updated": 0
  },
  {
    "id": "1e612b23-3a99-43ce-b1fd-5db1d65ed657",
    "data": [
      {
        "text": "it\u0027s too dark in here",
        "userDefined": false
      }
    ],
    "isTemplate": false,
    "count": 0,
    "updated": 0
  },
  {
    "id": "c3759306-83fb-48d6-8604-37efffce5899",
    "data": [
      {
        "text": "it is too dark here",
        "userDefined": false
      }
    ],
    "isTemplate": false,
    "count": 0,
    "updated": 0
  },
  {
    "id": "71677fa8-99ca-4a0c-89fe-511c4faf3fab",
    "data": [
      {
        "text": "it\u0027s dark here",
        "userDefined": false
      }
    ],
    "isTemplate": false,
    "count": 0,
    "updated": 0
  }
]