[
  {
    "id": "198f265f-6ef3-4de1-82ca-9456b467480a",
    "data": [
      {
        "text": "turn down the ",
        "userDefined": false
      },
      {
        "text": "heating",
        "meta": "@sys.ignore",
        "userDefined": true
      },
      {
        "text": " ",
        "userDefined": false
      },
      {
        "text": "every day",
        "alias": "recurrence",
        "meta": "@recurrence",
        "userDefined": true
      }
    ],
    "isTemplate": false,
    "count": 0,
    "updated": 0
  },
  {
    "id": "3217db49-1937-47a7-93eb-589b2588ec9c",
    "data": [
      {
        "text": "turn ",
        "userDefined": false
      },
      {
        "text": "heating",
        "meta": "@sys.ignore",
        "userDefined": true
      },
      {
        "text": " down ",
        "userDefined": false
      },
      {
        "text": "every day",
        "alias": "recurrence",
        "meta": "@recurrence",
        "userDefined": true
      },
      {
        "text": " ",
        "userDefined": false
      },
      {
        "text": "at",
        "meta": "@sys.ignore",
        "userDefined": true
      },
      {
        "text": " ",
        "userDefined": false
      },
      {
        "text": "5 pm",
        "alias": "date-time",
        "meta": "@sys.date-time",
        "userDefined": true
      }
    ],
    "isTemplate": false,
    "count": 0,
    "updated": 0
  },
  {
    "id": "54e5329b-a6fb-46c3-a619-e36f9aafeb28",
    "data": [
      {
        "text": "temperature down to ",
        "userDefined": false
      },
      {
        "text": "5",
        "alias": "final-value",
        "meta": "@sys.number",
        "userDefined": true
      },
      {
        "text": " degrees when I ",
        "userDefined": false
      },
      {
        "text": "leave",
        "alias": "condition",
        "meta": "@condition",
        "userDefined": true
      },
      {
        "text": " ",
        "userDefined": false
      },
      {
        "text": "home",
        "meta": "@sys.ignore",
        "userDefined": true
      }
    ],
    "isTemplate": false,
    "count": 0,
    "updated": 0
  },
  {
    "id": "c5536c19-7fe7-4258-9795-d0fbb50d7121",
    "data": [
      {
        "text": "temperature down by ",
        "userDefined": false
      },
      {
        "text": "5",
        "alias": "change-value",
        "meta": "@sys.number",
        "userDefined": true
      },
      {
        "text": " degrees when I ",
        "userDefined": false
      },
      {
        "text": "come",
        "alias": "condition",
        "meta": "@condition",
        "userDefined": true
      }
    ],
    "isTemplate": false,
    "count": 0,
    "updated": 0
  },
  {
    "id": "5ea8346b-a0ce-4b68-bb04-ec610ffd762d",
    "data": [
      {
        "text": "turn ",
        "userDefined": false
      },
      {
        "text": "heating",
        "meta": "@sys.ignore",
        "userDefined": true
      },
      {
        "text": " down to ",
        "userDefined": false
      },
      {
        "text": "20",
        "alias": "final-value",
        "meta": "@sys.number",
        "userDefined": true
      },
      {
        "text": " degrees on ",
        "userDefined": false
      },
      {
        "text": "Mondays",
        "alias": "recurrence",
        "meta": "@recurrence",
        "userDefined": true
      }
    ],
    "isTemplate": false,
    "count": 0,
    "updated": 0
  },
  {
    "id": "079e3c65-db68-4828-8599-996f42b35263",
    "data": [
      {
        "text": "turn down the ",
        "userDefined": false
      },
      {
        "text": "heating",
        "meta": "@sys.ignore",
        "userDefined": true
      },
      {
        "text": " by ",
        "userDefined": false
      },
      {
        "text": "20",
        "alias": "change-value",
        "meta": "@sys.number",
        "userDefined": true
      },
      {
        "text": " degrees ",
        "userDefined": false
      },
      {
        "text": "at 5 pm",
        "alias": "date-time",
        "meta": "@sys.date-time",
        "userDefined": true
      }
    ],
    "isTemplate": false,
    "count": 0,
    "updated": 0
  },
  {
    "id": "5dc6dbe7-a40d-4848-b2be-1ea39d51c2e4",
    "data": [
      {
        "text": "on Tuesday",
        "alias": "date-time",
        "meta": "@sys.date-time",
        "userDefined": true
      },
      {
        "text": " temperature down ",
        "userDefined": false
      },
      {
        "text": "everywhere",
        "alias": "all",
        "meta": "@all",
        "userDefined": true
      }
    ],
    "isTemplate": false,
    "count": 0,
    "updated": 0
  },
  {
    "id": "93735408-4675-4b70-a2a6-083f7c4594da",
    "data": [
      {
        "text": "temperature down in ",
        "userDefined": false
      },
      {
        "text": "all",
        "alias": "all",
        "meta": "@all",
        "userDefined": true
      },
      {
        "text": " rooms ",
        "userDefined": false
      },
      {
        "text": "tomorrow at 5 am",
        "alias": "date-time",
        "meta": "@sys.date-time",
        "userDefined": true
      }
    ],
    "isTemplate": false,
    "count": 0,
    "updated": 0
  },
  {
    "id": "adedfc38-a225-4dc1-8d8f-2d0c26726e9d",
    "data": [
      {
        "text": "turn down the ",
        "userDefined": false
      },
      {
        "text": "heating",
        "meta": "@sys.ignore",
        "userDefined": true
      },
      {
        "text": " in the ",
        "userDefined": false
      },
      {
        "text": "kitchen",
        "alias": "room",
        "meta": "@room",
        "userDefined": true
      }
    ],
    "isTemplate": false,
    "count": 0,
    "updated": 0
  },
  {
    "id": "1e1fee31-7c46-4db4-97d9-2b094ea3c6a3",
    "data": [
      {
        "text": "turn down ",
        "userDefined": false
      },
      {
        "text": "heating",
        "meta": "@sys.ignore",
        "userDefined": true
      },
      {
        "text": " for ",
        "userDefined": false
      },
      {
        "text": "20",
        "alias": "change-value",
        "meta": "@sys.number",
        "userDefined": true
      },
      {
        "text": " when I ",
        "userDefined": false
      },
      {
        "text": "leave",
        "alias": "condition",
        "meta": "@condition",
        "userDefined": true
      },
      {
        "text": " ",
        "userDefined": false
      },
      {
        "text": "bedroom",
        "alias": "room",
        "meta": "@room",
        "userDefined": true
      }
    ],
    "isTemplate": false,
    "count": 0,
    "updated": 0
  },
  {
    "id": "7e69f7d4-acaf-4fad-a42b-ba786690c0be",
    "data": [
      {
        "text": "turn down the ",
        "userDefined": false
      },
      {
        "text": "heating",
        "meta": "@sys.ignore",
        "userDefined": true
      },
      {
        "text": " after ",
        "userDefined": false
      },
      {
        "text": "10 pm",
        "alias": "date-time",
        "meta": "@sys.date-time",
        "userDefined": true
      }
    ],
    "isTemplate": false,
    "count": 0,
    "updated": 0
  },
  {
    "id": "0960009d-31e9-4f42-a2cd-efa8b7f8ec77",
    "data": [
      {
        "text": "turn down the ",
        "userDefined": false
      },
      {
        "text": "heating",
        "meta": "@sys.ignore",
        "userDefined": true
      },
      {
        "text": " ",
        "userDefined": false
      },
      {
        "text": "from 10 pm till 8 am",
        "alias": "date-time",
        "meta": "@sys.date-time",
        "userDefined": true
      }
    ],
    "isTemplate": false,
    "count": 0,
    "updated": 0
  },
  {
    "id": "d405b603-1841-4d4f-ac28-53b0a6dece7c",
    "data": [
      {
        "text": "turn down the ",
        "userDefined": false
      },
      {
        "text": "heating",
        "meta": "@sys.ignore",
        "userDefined": true
      },
      {
        "text": " when I ",
        "userDefined": false
      },
      {
        "text": "go out",
        "alias": "condition",
        "meta": "@condition",
        "userDefined": true
      }
    ],
    "isTemplate": false,
    "count": 0,
    "updated": 0
  },
  {
    "id": "423e9459-a683-496c-bed1-369d66247b83",
    "data": [
      {
        "text": "turn down the ",
        "userDefined": false
      },
      {
        "text": "heating",
        "meta": "@sys.ignore",
        "userDefined": true
      },
      {
        "text": " when I ",
        "userDefined": false
      },
      {
        "text": "leave",
        "alias": "condition",
        "meta": "@condition",
        "userDefined": true
      },
      {
        "text": " ",
        "userDefined": false
      },
      {
        "text": "bathroom",
        "alias": "room",
        "meta": "@room",
        "userDefined": true
      }
    ],
    "isTemplate": false,
    "count": 0,
    "updated": 0
  },
  {
    "id": "5df663b9-7b18-4bdc-b3a0-47def1306a3d",
    "data": [
      {
        "text": "temperature down ",
        "userDefined": false
      },
      {
        "text": "at 5 pm",
        "alias": "date-time",
        "meta": "@sys.date-time",
        "userDefined": true
      }
    ],
    "isTemplate": false,
    "count": 0,
    "updated": 0
  },
  {
    "id": "772b8fba-149b-485e-93c7-38ec6a4d38f5",
    "data": [
      {
        "text": "temperature down in the ",
        "userDefined": false
      },
      {
        "text": "kitchen",
        "alias": "room",
        "meta": "@room",
        "userDefined": true
      },
      {
        "text": " ",
        "userDefined": false
      },
      {
        "text": "at 5 pm",
        "alias": "date-time",
        "meta": "@sys.date-time",
        "userDefined": true
      }
    ],
    "isTemplate": false,
    "count": 0,
    "updated": 0
  },
  {
    "id": "70e8b9b4-8244-4cb0-9a9c-0051497fbd39",
    "data": [
      {
        "text": "temperature down by ",
        "userDefined": false
      },
      {
        "text": "5",
        "alias": "change-value",
        "meta": "@sys.number",
        "userDefined": true
      },
      {
        "text": " degrees ",
        "userDefined": false
      },
      {
        "text": "at 5 pm",
        "alias": "date-time",
        "meta": "@sys.date-time",
        "userDefined": true
      }
    ],
    "isTemplate": false,
    "count": 0,
    "updated": 0
  },
  {
    "id": "b599cd07-8c09-45c4-89b1-d07d69a15588",
    "data": [
      {
        "text": "temperature down by ",
        "userDefined": false
      },
      {
        "text": "5",
        "alias": "change-value",
        "meta": "@sys.number",
        "userDefined": true
      },
      {
        "text": " degrees in the ",
        "userDefined": false
      },
      {
        "text": "kitchen",
        "alias": "room",
        "meta": "@room",
        "userDefined": true
      },
      {
        "text": " ",
        "userDefined": false
      },
      {
        "text": "at 5 pm",
        "alias": "date-time",
        "meta": "@sys.date-time",
        "userDefined": true
      }
    ],
    "isTemplate": false,
    "count": 0,
    "updated": 0
  },
  {
    "id": "502473f5-6c48-479c-b125-2e191e3bcb85",
    "data": [
      {
        "text": "temperature down to ",
        "userDefined": false
      },
      {
        "text": "5",
        "alias": "final-value",
        "meta": "@sys.number",
        "userDefined": true
      },
      {
        "text": " degrees ",
        "userDefined": false
      },
      {
        "text": "at 5 pm",
        "alias": "date-time",
        "meta": "@sys.date-time",
        "userDefined": true
      }
    ],
    "isTemplate": false,
    "count": 0,
    "updated": 0
  },
  {
    "id": "085262f9-0ab8-4c62-9a76-1bb3502267ed",
    "data": [
      {
        "text": "temperature down to ",
        "userDefined": false
      },
      {
        "text": "5",
        "alias": "final-value",
        "meta": "@sys.number",
        "userDefined": true
      },
      {
        "text": " degrees in the ",
        "userDefined": false
      },
      {
        "text": "kitchen",
        "alias": "room",
        "meta": "@room",
        "userDefined": true
      },
      {
        "text": " ",
        "userDefined": false
      },
      {
        "text": "at 5 pm",
        "alias": "date-time",
        "meta": "@sys.date-time",
        "userDefined": true
      }
    ],
    "isTemplate": false,
    "count": 0,
    "updated": 0
  },
  {
    "id": "bc1cf5c3-0ca3-4974-aa88-1cd1435f0090",
    "data": [
      {
        "text": "heating",
        "meta": "@sys.ignore",
        "userDefined": false
      },
      {
        "text": " down ",
        "userDefined": false
      },
      {
        "text": "at 5 pm",
        "alias": "date-time",
        "meta": "@sys.date-time",
        "userDefined": false
      }
    ],
    "isTemplate": false,
    "count": 0,
    "updated": 0
  },
  {
    "id": "3109d581-e6f8-4f7c-b32e-e3d567b1d6b1",
    "data": [
      {
        "text": "heating",
        "meta": "@sys.ignore",
        "userDefined": false
      },
      {
        "text": " down in the ",
        "userDefined": false
      },
      {
        "text": "kitchen",
        "alias": "room",
        "meta": "@room",
        "userDefined": false
      },
      {
        "text": " ",
        "userDefined": false
      },
      {
        "text": "at 5 pm",
        "alias": "date-time",
        "meta": "@sys.date-time",
        "userDefined": false
      }
    ],
    "isTemplate": false,
    "count": 0,
    "updated": 0
  },
  {
    "id": "3743c7e7-5de4-476e-8f2a-e26add5c03ca",
    "data": [
      {
        "text": "heating",
        "meta": "@sys.ignore",
        "userDefined": false
      },
      {
        "text": " down by ",
        "userDefined": false
      },
      {
        "text": "5",
        "alias": "change-value",
        "meta": "@sys.number",
        "userDefined": false
      },
      {
        "text": " degrees ",
        "userDefined": false
      },
      {
        "text": "at 5 pm",
        "alias": "date-time",
        "meta": "@sys.date-time",
        "userDefined": false
      }
    ],
    "isTemplate": false,
    "count": 0,
    "updated": 0
  },
  {
    "id": "1ee840ec-5a32-4093-823c-4b162e5d5289",
    "data": [
      {
        "text": "make ",
        "userDefined": false
      },
      {
        "text": "heating",
        "meta": "@sys.ignore",
        "userDefined": false
      },
      {
        "text": " lower by ",
        "userDefined": false
      },
      {
        "text": "5",
        "alias": "change-value",
        "meta": "@sys.number",
        "userDefined": false
      },
      {
        "text": " degrees in the ",
        "userDefined": false
      },
      {
        "text": "kitchen",
        "alias": "room",
        "meta": "@room",
        "userDefined": false
      },
      {
        "text": " ",
        "userDefined": false
      },
      {
        "text": "at 5 pm",
        "alias": "date-time",
        "meta": "@sys.date-time",
        "userDefined": false
      }
    ],
    "isTemplate": false,
    "count": 0,
    "updated": 0
  },
  {
    "id": "d37cdf95-6810-4fdb-b793-c3fd81b816ae",
    "data": [
      {
        "text": "heating",
        "meta": "@sys.ignore",
        "userDefined": false
      },
      {
        "text": " down till ",
        "userDefined": false
      },
      {
        "text": "5",
        "alias": "final-value",
        "meta": "@sys.number",
        "userDefined": false
      },
      {
        "text": " degrees ",
        "userDefined": false
      },
      {
        "text": "at 5 pm",
        "alias": "date-time",
        "meta": "@sys.date-time",
        "userDefined": false
      }
    ],
    "isTemplate": false,
    "count": 0,
    "updated": 0
  },
  {
    "id": "aa193210-7100-4bf6-97e8-8b7ac49ef888",
    "data": [
      {
        "text": "heating",
        "meta": "@sys.ignore",
        "userDefined": false
      },
      {
        "text": " down till ",
        "userDefined": false
      },
      {
        "text": "5",
        "alias": "final-value",
        "meta": "@sys.number",
        "userDefined": false
      },
      {
        "text": " degrees in the ",
        "userDefined": false
      },
      {
        "text": "kitchen",
        "alias": "room",
        "meta": "@room",
        "userDefined": false
      },
      {
        "text": " ",
        "userDefined": false
      },
      {
        "text": "at 5 pm",
        "alias": "date-time",
        "meta": "@sys.date-time",
        "userDefined": false
      }
    ],
    "isTemplate": false,
    "count": 0,
    "updated": 0
  },
  {
    "id": "46609625-1fd0-4bf7-81a6-d3f9b5b23ae7",
    "data": [
      {
        "text": "turn down the ",
        "userDefined": false
      },
      {
        "text": "heat",
        "meta": "@sys.ignore",
        "userDefined": true
      },
      {
        "text": " after ",
        "userDefined": false
      },
      {
        "text": "10 pm",
        "alias": "date-time",
        "meta": "@sys.date-time",
        "userDefined": true
      }
    ],
    "isTemplate": false,
    "count": 0,
    "updated": 0
  }
]