[
  {
    "id": "e31552b0-44c3-4397-aae8-97d890b3f932",
    "data": [
      {
        "text": "turn",
        "meta": "@sys.ignore",
        "userDefined": true
      },
      {
        "text": " brighter ",
        "userDefined": false
      },
      {
        "text": "all",
        "alias": "all",
        "meta": "@all",
        "userDefined": true
      },
      {
        "text": " the ",
        "userDefined": false
      },
      {
        "text": "decorations",
        "alias": "device",
        "meta": "@device",
        "userDefined": true
      },
      {
        "text": " ",
        "userDefined": false
      },
      {
        "text": "at 11 pm",
        "alias": "date-time",
        "meta": "@sys.date-time",
        "userDefined": true
      }
    ],
    "isTemplate": false,
    "count": 0,
    "updated": 0
  },
  {
    "id": "517cb44c-688c-4377-8544-c2fd8cabbead",
    "data": [
      {
        "text": "turn",
        "meta": "@sys.ignore",
        "userDefined": true
      },
      {
        "text": " ",
        "userDefined": false
      },
      {
        "text": "kitchen",
        "alias": "room",
        "meta": "@room",
        "userDefined": true
      },
      {
        "text": " ",
        "userDefined": false
      },
      {
        "text": "TV",
        "alias": "device",
        "meta": "@device",
        "userDefined": true
      },
      {
        "text": " ",
        "userDefined": false
      },
      {
        "text": "up",
        "meta": "@sys.ignore",
        "userDefined": true
      },
      {
        "text": " ",
        "userDefined": false
      },
      {
        "text": "at midnight",
        "alias": "date-time",
        "meta": "@sys.date-time",
        "userDefined": true
      }
    ],
    "isTemplate": false,
    "count": 0,
    "updated": 0
  },
  {
    "id": "88afbc88-4ee6-4391-975f-832cdc2a046c",
    "data": [
      {
        "text": "make ",
        "userDefined": false
      },
      {
        "text": "decorations",
        "alias": "device",
        "meta": "@device",
        "userDefined": true
      },
      {
        "text": " brighter ",
        "userDefined": false
      },
      {
        "text": "when",
        "meta": "@sys.ignore",
        "userDefined": true
      },
      {
        "text": " I ",
        "userDefined": false
      },
      {
        "text": "leave",
        "alias": "condition",
        "meta": "@condition",
        "userDefined": true
      }
    ],
    "isTemplate": false,
    "count": 0,
    "updated": 0
  },
  {
    "id": "0bb95307-526c-4df2-adf3-1f962e5e9220",
    "data": [
      {
        "text": "turn",
        "meta": "@sys.ignore",
        "userDefined": true
      },
      {
        "text": " my ",
        "userDefined": false
      },
      {
        "text": "PC",
        "alias": "device",
        "meta": "@device",
        "userDefined": true
      },
      {
        "text": " screen ",
        "userDefined": false
      },
      {
        "text": "up",
        "meta": "@sys.ignore",
        "userDefined": true
      },
      {
        "text": " ",
        "userDefined": false
      },
      {
        "text": "everyday",
        "alias": "recurrence",
        "meta": "@recurrence",
        "userDefined": true
      },
      {
        "text": " ",
        "userDefined": false
      },
      {
        "text": "at 8 pm",
        "alias": "date-time",
        "meta": "@sys.date-time",
        "userDefined": true
      }
    ],
    "isTemplate": false,
    "count": 0,
    "updated": 0
  }
]