[
  {
    "id": "cad12d31-b033-4226-a2ec-ca34ff32364d",
    "data": [
      {
        "text": "check ",
        "userDefined": false
      },
      {
        "text": "all",
        "alias": "all",
        "meta": "@all",
        "userDefined": true
      },
      {
        "text": " ",
        "userDefined": false
      },
      {
        "text": "doors",
        "alias": "lock",
        "meta": "@lock",
        "userDefined": true
      },
      {
        "text": " status",
        "userDefined": false
      }
    ],
    "isTemplate": false,
    "count": 0,
    "updated": 0
  },
  {
    "id": "36d02b17-2e3b-4254-8462-9ad56a88319e",
    "data": [
      {
        "text": "check ",
        "userDefined": false
      },
      {
        "text": "all",
        "alias": "all",
        "meta": "@all",
        "userDefined": true
      },
      {
        "text": " ",
        "userDefined": false
      },
      {
        "text": "windows",
        "alias": "lock",
        "meta": "@lock",
        "userDefined": true
      }
    ],
    "isTemplate": false,
    "count": 0,
    "updated": 0
  },
  {
    "id": "589dd47e-164d-4350-a4c4-3a4dea2fde2b",
    "data": [
      {
        "text": "front door",
        "alias": "lock",
        "meta": "@lock",
        "userDefined": true
      },
      {
        "text": " status",
        "userDefined": false
      }
    ],
    "isTemplate": false,
    "count": 0,
    "updated": 0
  },
  {
    "id": "4ae21fe1-b045-4292-9344-98815b2ccd19",
    "data": [
      {
        "text": "garage",
        "alias": "room",
        "meta": "@room",
        "userDefined": true
      },
      {
        "text": " ",
        "userDefined": false
      },
      {
        "text": "window",
        "alias": "lock",
        "meta": "@lock",
        "userDefined": true
      },
      {
        "text": " status",
        "userDefined": false
      }
    ],
    "isTemplate": false,
    "count": 0,
    "updated": 0
  },
  {
    "id": "8e0f5b5a-9c64-4586-b813-0dde1dbdd7a6",
    "data": [
      {
        "text": "status of ",
        "userDefined": false
      },
      {
        "text": "front door",
        "alias": "lock",
        "meta": "@lock",
        "userDefined": true
      }
    ],
    "isTemplate": false,
    "count": 0,
    "updated": 0
  },
  {
    "id": "8900dbb7-bad6-40ab-bf23-9a69d0389265",
    "data": [
      {
        "text": "status of ",
        "userDefined": false
      },
      {
        "text": "garage",
        "alias": "room",
        "meta": "@room",
        "userDefined": false
      },
      {
        "text": " ",
        "userDefined": false
      },
      {
        "text": "windows",
        "alias": "lock",
        "meta": "@lock",
        "userDefined": false
      }
    ],
    "isTemplate": false,
    "count": 0,
    "updated": 0
  }
]