[
  {
    "id": "f71bb396-351f-4ba1-b4d3-673c4956a712",
    "data": [
      {
        "text": "can you turn on ",
        "userDefined": false
      },
      {
        "text": "water cooker",
        "alias": "device",
        "meta": "@device",
        "userDefined": true
      },
      {
        "text": " in the ",
        "userDefined": false
      },
      {
        "text": "kitchen",
        "alias": "room",
        "meta": "@room",
        "userDefined": true
      }
    ],
    "isTemplate": false,
    "count": 0,
    "updated": 0
  },
  {
    "id": "2d9996d0-6496-477b-8093-3d35097a42a4",
    "data": [
      {
        "text": "turn on the ",
        "userDefined": false
      },
      {
        "text": "TV",
        "alias": "device",
        "meta": "@device",
        "userDefined": true
      },
      {
        "text": " in ",
        "userDefined": false
      },
      {
        "text": "foyer",
        "alias": "room",
        "meta": "@room",
        "userDefined": true
      }
    ],
    "isTemplate": false,
    "count": 0,
    "updated": 0
  },
  {
    "id": "e5e44af3-05c8-40c4-926c-df324594ab32",
    "data": [
      {
        "text": "turn ",
        "userDefined": false
      },
      {
        "text": "on",
        "meta": "@sys.ignore",
        "userDefined": true
      },
      {
        "text": " ",
        "userDefined": false
      },
      {
        "text": "TV",
        "alias": "device",
        "meta": "@device",
        "userDefined": true
      },
      {
        "text": " ",
        "userDefined": false
      },
      {
        "text": "everywhere",
        "alias": "all",
        "meta": "@all",
        "userDefined": true
      }
    ],
    "isTemplate": false,
    "count": 0,
    "updated": 0
  },
  {
    "id": "692712ee-c8b8-4c47-93d7-6aaa4f8c27e7",
    "data": [
      {
        "text": "turn on the ",
        "userDefined": false
      },
      {
        "text": "washing machine",
        "alias": "device",
        "meta": "@device",
        "userDefined": true
      },
      {
        "text": " in the ",
        "userDefined": false
      },
      {
        "text": "kitchen",
        "alias": "room",
        "meta": "@room",
        "userDefined": true
      },
      {
        "text": " for me please",
        "userDefined": false
      }
    ],
    "isTemplate": false,
    "count": 0,
    "updated": 0
  },
  {
    "id": "8ce2beff-1696-4115-88c5-21e8332bb076",
    "data": [
      {
        "text": "turn on the ",
        "userDefined": false
      },
      {
        "text": "TV",
        "alias": "device",
        "meta": "@device",
        "userDefined": true
      },
      {
        "text": " please",
        "userDefined": false
      }
    ],
    "isTemplate": false,
    "count": 0,
    "updated": 0
  },
  {
    "id": "22059731-6308-477b-a339-31e5e07fe406",
    "data": [
      {
        "text": "turn the device on for me",
        "userDefined": false
      }
    ],
    "isTemplate": false,
    "count": 0,
    "updated": 0
  },
  {
    "id": "ffbb61c7-7c92-48c8-97c6-d6a0292a3cb8",
    "data": [
      {
        "text": "I want to turn on device",
        "userDefined": false
      }
    ],
    "isTemplate": false,
    "count": 1,
    "updated": 0
  },
  {
    "id": "709df08e-3e65-471d-bd54-1e6ebcf1fa5a",
    "data": [
      {
        "text": "turn on the ",
        "userDefined": false
      },
      {
        "text": "television",
        "alias": "device",
        "meta": "@device",
        "userDefined": true
      }
    ],
    "isTemplate": false,
    "count": 1,
    "updated": 0
  },
  {
    "id": "128cc1c0-3300-4f02-9c6a-e7bfb5a0ffd8",
    "data": [
      {
        "text": "turn on ",
        "userDefined": false
      },
      {
        "text": "computer",
        "alias": "device",
        "meta": "@device",
        "userDefined": true
      }
    ],
    "isTemplate": false,
    "count": 0,
    "updated": 0
  },
  {
    "id": "5d93bd8a-509a-4780-a920-0d26af50c5dc",
    "data": [
      {
        "text": "turn on my device",
        "userDefined": false
      }
    ],
    "isTemplate": false,
    "count": 0,
    "updated": 0
  },
  {
    "id": "3245141f-b501-41f0-841d-9a347055ffd3",
    "data": [
      {
        "text": "turn my device on for me",
        "userDefined": false
      }
    ],
    "isTemplate": false,
    "count": 0,
    "updated": 0
  },
  {
    "id": "aedaa058-692c-4c74-9119-af813ed6b75f",
    "data": [
      {
        "text": "turn on ",
        "userDefined": false
      },
      {
        "text": "air conditioner",
        "alias": "device",
        "meta": "@device",
        "userDefined": true
      }
    ],
    "isTemplate": false,
    "count": 1,
    "updated": 0
  },
  {
    "id": "0251eb64-9108-45cd-a40f-7d9441d272a0",
    "data": [
      {
        "text": "please turn on my device",
        "userDefined": false
      }
    ],
    "isTemplate": false,
    "count": 0,
    "updated": 0
  },
  {
    "id": "642c4c56-6767-462d-81ad-8c89f773f5c2",
    "data": [
      {
        "text": "can you turn on ",
        "userDefined": false
      },
      {
        "text": "TV",
        "alias": "device",
        "meta": "@device",
        "userDefined": true
      },
      {
        "text": " for me please",
        "userDefined": false
      }
    ],
    "isTemplate": false,
    "count": 0,
    "updated": 0
  },
  {
    "id": "0ed17201-d809-4ec3-8f4a-1b9189e9a7bf",
    "data": [
      {
        "text": "switch on the device",
        "userDefined": false
      }
    ],
    "isTemplate": false,
    "count": 0,
    "updated": 0
  },
  {
    "id": "2efbac71-c640-4eb6-875d-05101544da5c",
    "data": [
      {
        "text": "please turn on device",
        "userDefined": false
      }
    ],
    "isTemplate": false,
    "count": 0,
    "updated": 0
  },
  {
    "id": "b6226983-7ab4-47a9-a6fb-7163491f0752",
    "data": [
      {
        "text": "please turn on appliance",
        "userDefined": false
      }
    ],
    "isTemplate": false,
    "count": 0,
    "updated": 0
  },
  {
    "id": "7e09d1b9-a415-4f1a-a095-d3dd2018d520",
    "data": [
      {
        "text": "you should turn the appliance on",
        "userDefined": false
      }
    ],
    "isTemplate": false,
    "count": 1,
    "updated": 0
  },
  {
    "id": "e78df8cd-b420-465c-b93d-fe6619ebc183",
    "data": [
      {
        "text": "turn on ",
        "userDefined": false
      },
      {
        "text": "all",
        "alias": "all",
        "meta": "@all",
        "userDefined": true
      },
      {
        "text": " appliances",
        "userDefined": false
      }
    ],
    "isTemplate": false,
    "count": 1,
    "updated": 0
  },
  {
    "id": "206dea38-e5b6-44e2-95e5-6ac24b2c5474",
    "data": [
      {
        "text": "turn on appliance",
        "userDefined": false
      }
    ],
    "isTemplate": false,
    "count": 0,
    "updated": 0
  },
  {
    "id": "7fd56a33-0d09-4f19-ab0f-c1d0d2ae191a",
    "data": [
      {
        "text": "turn on appliance for me",
        "userDefined": false
      }
    ],
    "isTemplate": false,
    "count": 1,
    "updated": 0
  },
  {
    "id": "9a45f160-eab0-4e7f-b3d3-f45731733323",
    "data": [
      {
        "text": "switch the device on",
        "userDefined": false
      }
    ],
    "isTemplate": false,
    "count": 0,
    "updated": 0
  },
  {
    "id": "61e87321-7547-424c-b996-0820ae66c3a9",
    "data": [
      {
        "text": "can you please turn on ",
        "userDefined": false
      },
      {
        "text": "coffee machine",
        "alias": "device",
        "meta": "@device",
        "userDefined": true
      },
      {
        "text": " for me",
        "userDefined": false
      }
    ],
    "isTemplate": false,
    "count": 0,
    "updated": 0
  },
  {
    "id": "753c4907-4d41-49cf-8b24-b3d60e70b520",
    "data": [
      {
        "text": "can you turn on ",
        "userDefined": false
      },
      {
        "text": "video player",
        "alias": "device",
        "meta": "@device",
        "userDefined": true
      }
    ],
    "isTemplate": false,
    "count": 0,
    "updated": 0
  },
  {
    "id": "e6c3fc55-5430-4377-8657-77e4c60250fd",
    "data": [
      {
        "text": "turn on ",
        "userDefined": false
      },
      {
        "text": "coffee machine",
        "alias": "device",
        "meta": "@device",
        "userDefined": true
      }
    ],
    "isTemplate": false,
    "count": 0,
    "updated": 0
  },
  {
    "id": "07b03ea2-ec2d-43c9-869b-63a1c61b0d11",
    "data": [
      {
        "text": "you should turn the device on",
        "userDefined": false
      }
    ],
    "isTemplate": false,
    "count": 0,
    "updated": 0
  },
  {
    "id": "31c699f5-718f-448c-b472-e382060653a3",
    "data": [
      {
        "text": "please turn on ",
        "userDefined": false
      },
      {
        "text": "illumination",
        "alias": "device",
        "meta": "@device",
        "userDefined": true
      }
    ],
    "isTemplate": false,
    "count": 0,
    "updated": 0
  },
  {
    "id": "c5234ef8-5ca7-4c72-8939-4c94af4331ab",
    "data": [
      {
        "text": "turn on my ",
        "userDefined": false
      },
      {
        "text": "computer",
        "alias": "device",
        "meta": "@device",
        "userDefined": true
      }
    ],
    "isTemplate": false,
    "count": 1,
    "updated": 0
  },
  {
    "id": "98bb3c45-60e9-4650-af71-f46d57167328",
    "data": [
      {
        "text": "can you turn on ",
        "userDefined": false
      },
      {
        "text": "humidifier",
        "alias": "device",
        "meta": "@device",
        "userDefined": true
      },
      {
        "text": " for me please",
        "userDefined": false
      }
    ],
    "isTemplate": false,
    "count": 1,
    "updated": 0
  },
  {
    "id": "1ca0365d-ecbe-4916-a87a-8be6692d18ae",
    "data": [
      {
        "text": "can you turn on my device",
        "userDefined": false
      }
    ],
    "isTemplate": false,
    "count": 0,
    "updated": 0
  },
  {
    "id": "2200fb92-9bde-4b24-a037-3f1e0df85c23",
    "data": [
      {
        "text": "turn on the ",
        "userDefined": false
      },
      {
        "text": "video player",
        "alias": "device",
        "meta": "@device",
        "userDefined": true
      }
    ],
    "isTemplate": false,
    "count": 1,
    "updated": 0
  },
  {
    "id": "29f86d02-6e5f-419d-9799-68e0d7498899",
    "data": [
      {
        "text": "turn on ",
        "userDefined": false
      },
      {
        "text": "all",
        "alias": "all",
        "meta": "@all",
        "userDefined": true
      },
      {
        "text": " devices",
        "userDefined": false
      }
    ],
    "isTemplate": false,
    "count": 0,
    "updated": 0
  },
  {
    "id": "a288c433-7be7-48e9-91e9-a7e994771419",
    "data": [
      {
        "text": "I want to turn on appliance",
        "userDefined": false
      }
    ],
    "isTemplate": false,
    "count": 0,
    "updated": 0
  },
  {
    "id": "6c92b4bd-ce5d-4af7-a8b0-b54fe5b66b68",
    "data": [
      {
        "text": "can you turn on appliance",
        "userDefined": false
      }
    ],
    "isTemplate": false,
    "count": 0,
    "updated": 0
  },
  {
    "id": "f2abfb3e-bda1-4045-b99b-0fcd27844ea7",
    "data": [
      {
        "text": "turn on my ",
        "userDefined": false
      },
      {
        "text": "TV",
        "alias": "device",
        "meta": "@device",
        "userDefined": true
      }
    ],
    "isTemplate": false,
    "count": 1,
    "updated": 0
  },
  {
    "id": "b8c9ebb3-49bc-4036-96cd-ef70d95a369c",
    "data": [
      {
        "text": "turn on",
        "userDefined": false
      }
    ],
    "isTemplate": false,
    "count": 0,
    "updated": 0
  },
  {
    "id": "d51263cd-5a53-4734-860f-c28d49f33573",
    "data": [
      {
        "text": "turn",
        "meta": "@sys.ignore",
        "userDefined": true
      },
      {
        "text": " ",
        "userDefined": false
      },
      {
        "text": "air conditioning",
        "alias": "device",
        "meta": "@device",
        "userDefined": true
      },
      {
        "text": " ",
        "userDefined": false
      },
      {
        "text": "on",
        "meta": "@sys.ignore",
        "userDefined": true
      }
    ],
    "isTemplate": false,
    "count": 0,
    "updated": 0
  },
  {
    "id": "2bafa98f-d15e-4ede-ae04-fce54ecf87be",
    "data": [
      {
        "text": "you should turn my device on",
        "userDefined": false
      }
    ],
    "isTemplate": false,
    "count": 0,
    "updated": 0
  },
  {
    "id": "9cadd55c-3ce8-47bb-9b43-c067c454a325",
    "data": [
      {
        "text": "I need you to turn on device",
        "userDefined": false
      }
    ],
    "isTemplate": false,
    "count": 0,
    "updated": 0
  },
  {
    "id": "4832a893-4a22-4740-b2dd-b0284ef850e8",
    "data": [
      {
        "text": "turn on device please",
        "userDefined": false
      }
    ],
    "isTemplate": false,
    "count": 0,
    "updated": 0
  },
  {
    "id": "8b1fd6fb-882d-4e7e-9c79-7db78906733a",
    "data": [
      {
        "text": "will you turn on the ",
        "userDefined": false
      },
      {
        "text": "TV",
        "alias": "device",
        "meta": "@device",
        "userDefined": true
      },
      {
        "text": " for me",
        "userDefined": false
      }
    ],
    "isTemplate": false,
    "count": 0,
    "updated": 0
  },
  {
    "id": "15b9c982-27df-4891-83fc-6cc55b51b9a1",
    "data": [
      {
        "text": "turn on ",
        "userDefined": false
      },
      {
        "text": "PC",
        "alias": "device",
        "meta": "@device",
        "userDefined": true
      }
    ],
    "isTemplate": false,
    "count": 0,
    "updated": 0
  },
  {
    "id": "3ce08e9a-001e-4bad-bb5b-87b7e524e7b9",
    "data": [
      {
        "text": "turn on devices in ",
        "userDefined": false
      },
      {
        "text": "bathroom",
        "alias": "room",
        "meta": "@room",
        "userDefined": true
      }
    ],
    "isTemplate": false,
    "count": 0,
    "updated": 0
  },
  {
    "id": "a8e36e8d-dbb8-4473-8e1f-ffdd8b2d2681",
    "data": [
      {
        "text": "TV",
        "alias": "device",
        "meta": "@device",
        "userDefined": true
      },
      {
        "text": " ",
        "userDefined": false
      },
      {
        "text": "on",
        "meta": "@sys.ignore",
        "userDefined": true
      }
    ],
    "isTemplate": false,
    "count": 0,
    "updated": 0
  },
  {
    "id": "8fb3f919-bb1f-40a0-8ab6-392236097662",
    "data": [
      {
        "text": "I need you to turn on appliance",
        "userDefined": false
      }
    ],
    "isTemplate": false,
    "count": 0,
    "updated": 0
  },
  {
    "id": "7e7744f5-b233-47d6-ac94-13edd59433b9",
    "data": [
      {
        "text": "turn on device for me",
        "userDefined": false
      }
    ],
    "isTemplate": false,
    "count": 0,
    "updated": 0
  },
  {
    "id": "a666ee3f-e19a-4db2-9edf-0940e68e8343",
    "data": [
      {
        "text": "can you turn on ",
        "userDefined": false
      },
      {
        "text": "washing machine",
        "alias": "device",
        "meta": "@device",
        "userDefined": true
      },
      {
        "text": " for me please",
        "userDefined": false
      }
    ],
    "isTemplate": false,
    "count": 0,
    "updated": 0
  },
  {
    "id": "515c3bd3-3e04-4412-9c9e-44764bcbd38b",
    "data": [
      {
        "text": "I want to turn on my device",
        "userDefined": false
      }
    ],
    "isTemplate": false,
    "count": 0,
    "updated": 0
  },
  {
    "id": "8f9fc5b8-c950-4ede-b1c9-0547dc0815d9",
    "data": [
      {
        "text": "turn on my ",
        "userDefined": false
      },
      {
        "text": "laptop",
        "alias": "device",
        "meta": "@device",
        "userDefined": true
      }
    ],
    "isTemplate": false,
    "count": 0,
    "updated": 0
  },
  {
    "id": "6ebdb110-96e2-4b5b-88ae-0f739223d16c",
    "data": [
      {
        "text": "please turn on the ",
        "userDefined": false
      },
      {
        "text": "TV",
        "alias": "device",
        "meta": "@device",
        "userDefined": true
      },
      {
        "text": " in the ",
        "userDefined": false
      },
      {
        "text": "kitchen",
        "alias": "room",
        "meta": "@room",
        "userDefined": true
      }
    ],
    "isTemplate": false,
    "count": 0,
    "updated": 0
  },
  {
    "id": "e1bca713-f000-45ff-a145-490c4397c9db",
    "data": [
      {
        "text": "turn on the ",
        "userDefined": false
      },
      {
        "text": "coffee maker",
        "alias": "device",
        "meta": "@device",
        "userDefined": true
      }
    ],
    "isTemplate": false,
    "count": 1,
    "updated": 0
  },
  {
    "id": "da10c189-d10c-444e-8a2f-148e64325cd6",
    "data": [
      {
        "text": "can you turn on ",
        "userDefined": false
      },
      {
        "text": "washing machine",
        "alias": "device",
        "meta": "@device",
        "userDefined": true
      },
      {
        "text": " in the ",
        "userDefined": false
      },
      {
        "text": "kitchen",
        "alias": "room",
        "meta": "@room",
        "userDefined": true
      }
    ],
    "isTemplate": false,
    "count": 0,
    "updated": 0
  },
  {
    "id": "b3948bd2-dc3f-4fcb-b1f0-90a2abdb337d",
    "data": [
      {
        "text": "turn on device",
        "userDefined": false
      }
    ],
    "isTemplate": false,
    "count": 0,
    "updated": 0
  },
  {
    "id": "953d03d4-7171-4c8d-8fc9-71e03d6b2072",
    "data": [
      {
        "text": "can you turn on ",
        "userDefined": false
      },
      {
        "text": "microwave",
        "alias": "device",
        "meta": "@device",
        "userDefined": true
      },
      {
        "text": " for me please",
        "userDefined": false
      }
    ],
    "isTemplate": false,
    "count": 0,
    "updated": 0
  },
  {
    "id": "00451be3-6e2a-45aa-924f-52fee328db4e",
    "data": [
      {
        "text": "turn ",
        "userDefined": false
      },
      {
        "text": "thermostat",
        "alias": "device",
        "meta": "@device",
        "userDefined": true
      },
      {
        "text": " on in the ",
        "userDefined": false
      },
      {
        "text": "kitchen",
        "alias": "room",
        "meta": "@room",
        "userDefined": true
      }
    ],
    "isTemplate": false,
    "count": 0,
    "updated": 0
  },
  {
    "id": "24a818ef-ea94-4a31-ac4e-33211d100468",
    "data": [
      {
        "text": "turn on ",
        "userDefined": false
      },
      {
        "text": "kitchen",
        "alias": "room",
        "meta": "@room",
        "userDefined": true
      }
    ],
    "isTemplate": false,
    "count": 0,
    "updated": 0
  },
  {
    "id": "43eaae36-a7a6-42d6-bcfe-11af270e4f8f",
    "data": [
      {
        "text": "turn the appliance on",
        "userDefined": false
      }
    ],
    "isTemplate": false,
    "count": 0,
    "updated": 0
  },
  {
    "id": "b1b4cc21-956c-421d-8742-83c9d8332c7a",
    "data": [
      {
        "text": "turn ",
        "userDefined": false
      },
      {
        "text": "on",
        "meta": "@sys.ignore",
        "userDefined": true
      },
      {
        "text": " ",
        "userDefined": false
      },
      {
        "text": "coffee pot",
        "alias": "device",
        "meta": "@device",
        "userDefined": true
      }
    ],
    "isTemplate": false,
    "count": 0,
    "updated": 0
  },
  {
    "id": "12d729bd-98e9-467f-a04e-9a47da6fbfd1",
    "data": [
      {
        "text": "can you turn on my ",
        "userDefined": false
      },
      {
        "text": "television",
        "alias": "device",
        "meta": "@device",
        "userDefined": true
      }
    ],
    "isTemplate": false,
    "count": 1,
    "updated": 0
  },
  {
    "id": "0503040e-e789-4e6d-a3a5-9be78c2ac559",
    "data": [
      {
        "text": "can you turn on ",
        "userDefined": false
      },
      {
        "text": "water cooker",
        "alias": "device",
        "meta": "@device",
        "userDefined": true
      },
      {
        "text": " for me please",
        "userDefined": false
      }
    ],
    "isTemplate": false,
    "count": 0,
    "updated": 0
  },
  {
    "id": "9c58853a-456e-49f8-a9e4-62aad1514510",
    "data": [
      {
        "text": "turn on ",
        "userDefined": false
      },
      {
        "text": "Christmas tree",
        "alias": "device",
        "meta": "@device",
        "userDefined": true
      }
    ],
    "isTemplate": false,
    "count": 0,
    "updated": 0
  },
  {
    "id": "d383cbf4-1c8a-425c-8453-27d684e1c4d4",
    "data": [
      {
        "text": "I need you to turn on my device",
        "userDefined": false
      }
    ],
    "isTemplate": false,
    "count": 0,
    "updated": 0
  },
  {
    "id": "5208edb2-72ce-45e4-877c-e9510a9e5a86",
    "data": [
      {
        "text": "turn on my device please",
        "userDefined": false
      }
    ],
    "isTemplate": false,
    "count": 0,
    "updated": 0
  },
  {
    "id": "8b41793e-1aa0-4fdc-833d-6b4159df644f",
    "data": [
      {
        "text": "motion sensor",
        "alias": "device",
        "meta": "@device",
        "userDefined": true
      },
      {
        "text": " on",
        "userDefined": false
      }
    ],
    "isTemplate": false,
    "count": 0,
    "updated": 0
  },
  {
    "id": "e47d154b-6142-4519-8d72-a0df5688636c",
    "data": [
      {
        "text": "turn on ",
        "userDefined": false
      },
      {
        "text": "bathroom",
        "alias": "room",
        "meta": "@room",
        "userDefined": true
      }
    ],
    "isTemplate": false,
    "count": 0,
    "updated": 0
  },
  {
    "id": "de286a7c-c3f8-453f-86a2-9b822071d604",
    "data": [
      {
        "text": "turn on the ",
        "userDefined": false
      },
      {
        "text": "refrigerator",
        "alias": "device",
        "meta": "@device",
        "userDefined": true
      }
    ],
    "isTemplate": false,
    "count": 1,
    "updated": 0
  },
  {
    "id": "cecadee3-0f72-4130-aa2f-07cc7b7b3d1e",
    "data": [
      {
        "text": "can you turn on device",
        "userDefined": false
      }
    ],
    "isTemplate": false,
    "count": 0,
    "updated": 0
  },
  {
    "id": "ad949fee-f4ba-42aa-b38e-cf7479d61dde",
    "data": [
      {
        "text": "turn on the ",
        "userDefined": false
      },
      {
        "text": "washing machine",
        "alias": "device",
        "meta": "@device",
        "userDefined": true
      }
    ],
    "isTemplate": false,
    "count": 1,
    "updated": 0
  },
  {
    "id": "38bab81d-fb80-4612-b939-9ff3ace546fa",
    "data": [
      {
        "text": "turn on my device for me",
        "userDefined": false
      }
    ],
    "isTemplate": false,
    "count": 1,
    "updated": 0
  },
  {
    "id": "42863b01-3a09-43c4-9c31-f0f0ee34056e",
    "data": [
      {
        "text": "turn on ",
        "userDefined": false
      },
      {
        "text": "motion sensor",
        "alias": "device",
        "meta": "@device",
        "userDefined": true
      }
    ],
    "isTemplate": false,
    "count": 0,
    "updated": 0
  },
  {
    "id": "b478b93e-e1ac-4238-960c-2120700e31a2",
    "data": [
      {
        "text": "can you turn on ",
        "userDefined": false
      },
      {
        "text": "water cooker",
        "alias": "device",
        "meta": "@device",
        "userDefined": true
      }
    ],
    "isTemplate": false,
    "count": 0,
    "updated": 0
  },
  {
    "id": "59fb8116-923e-4cee-951d-54eaf5e70cb5",
    "data": [
      {
        "text": "turn my device on",
        "userDefined": false
      }
    ],
    "isTemplate": false,
    "count": 0,
    "updated": 0
  },
  {
    "id": "b9b66421-5983-4c37-8ac6-50325e9f3919",
    "data": [
      {
        "text": "will you turn on the ",
        "userDefined": false
      },
      {
        "text": "TV",
        "alias": "device",
        "meta": "@device",
        "userDefined": true
      },
      {
        "text": " in the ",
        "userDefined": false
      },
      {
        "text": "kitchen",
        "alias": "room",
        "meta": "@room",
        "userDefined": true
      }
    ],
    "isTemplate": false,
    "count": 0,
    "updated": 0
  },
  {
    "id": "8629bee0-ffb0-47b6-ae2a-2f3ca9cd96ab",
    "data": [
      {
        "text": "turn on the ",
        "userDefined": false
      },
      {
        "text": "water cooker",
        "alias": "device",
        "meta": "@device",
        "userDefined": true
      },
      {
        "text": " in the ",
        "userDefined": false
      },
      {
        "text": "kitchen",
        "alias": "room",
        "meta": "@room",
        "userDefined": true
      }
    ],
    "isTemplate": false,
    "count": 1,
    "updated": 0
  },
  {
    "id": "0522e909-0ddc-44a8-9aa8-d264ca709df7",
    "data": [
      {
        "text": "can you turn on ",
        "userDefined": false
      },
      {
        "text": "washing machine",
        "alias": "device",
        "meta": "@device",
        "userDefined": true
      }
    ],
    "isTemplate": false,
    "count": 0,
    "updated": 0
  },
  {
    "id": "9ec89a95-4949-461b-a285-dc2feb7e39a4",
    "data": [
      {
        "text": "turn on the ",
        "userDefined": false
      },
      {
        "text": "TV",
        "alias": "device",
        "meta": "@device",
        "userDefined": true
      },
      {
        "text": " in the ",
        "userDefined": false
      },
      {
        "text": "kitchen",
        "alias": "room",
        "meta": "@room",
        "userDefined": true
      },
      {
        "text": " please",
        "userDefined": false
      }
    ],
    "isTemplate": false,
    "count": 0,
    "updated": 0
  },
  {
    "id": "99afa4ff-5a08-4b60-a0c6-2ff6e1757d3f",
    "data": [
      {
        "text": "turn the appliance on for me",
        "userDefined": false
      }
    ],
    "isTemplate": false,
    "count": 0,
    "updated": 0
  },
  {
    "id": "b14a1515-6f14-4de8-9a9d-4d87473129b8",
    "data": [
      {
        "text": "can you turn on ",
        "userDefined": false
      },
      {
        "text": "video player",
        "alias": "device",
        "meta": "@device",
        "userDefined": true
      },
      {
        "text": " in the ",
        "userDefined": false
      },
      {
        "text": "kitchen",
        "alias": "room",
        "meta": "@room",
        "userDefined": true
      }
    ],
    "isTemplate": false,
    "count": 0,
    "updated": 0
  },
  {
    "id": "2a79f87e-ddd2-47b6-a962-409ad97fe526",
    "data": [
      {
        "text": "can you turn on ",
        "userDefined": false
      },
      {
        "text": "video player",
        "alias": "device",
        "meta": "@device",
        "userDefined": true
      },
      {
        "text": " for me please",
        "userDefined": false
      }
    ],
    "isTemplate": false,
    "count": 0,
    "updated": 0
  },
  {
    "id": "cb3d0a80-11ec-4785-9d9f-cf7fd9f2f313",
    "data": [
      {
        "text": "can you turn on ",
        "userDefined": false
      },
      {
        "text": "dishwasher",
        "alias": "device",
        "meta": "@device",
        "userDefined": true
      },
      {
        "text": " in the ",
        "userDefined": false
      },
      {
        "text": "kitchen",
        "alias": "room",
        "meta": "@room",
        "userDefined": true
      }
    ],
    "isTemplate": false,
    "count": 0,
    "updated": 0
  },
  {
    "id": "0fdbc3e0-3a70-4dbf-8ccb-bc15e2a92f3e",
    "data": [
      {
        "text": "turn the device on",
        "userDefined": false
      }
    ],
    "isTemplate": false,
    "count": 0,
    "updated": 0
  },
  {
    "id": "2f820522-2847-4a3d-adb3-448bd5047422",
    "data": [
      {
        "text": "turn on appliance please",
        "userDefined": false
      }
    ],
    "isTemplate": false,
    "count": 0,
    "updated": 0
  },
  {
    "id": "a23840be-0648-454f-8b73-e41c42000acb",
    "data": [
      {
        "text": "turn on the ",
        "userDefined": false
      },
      {
        "text": "outdoor",
        "alias": "room",
        "meta": "@room",
        "userDefined": true
      },
      {
        "text": " ",
        "userDefined": false
      },
      {
        "text": "decorations",
        "alias": "device",
        "meta": "@device",
        "userDefined": true
      }
    ],
    "isTemplate": false,
    "count": 1,
    "updated": 0
  },
  {
    "id": "fc4a7f6a-09c1-45f3-9575-2bf482fcfe6c",
    "data": [
      {
        "text": "turn on ",
        "userDefined": false
      },
      {
        "text": "table lamp",
        "alias": "device",
        "meta": "@device",
        "userDefined": true
      }
    ],
    "isTemplate": false,
    "count": 0,
    "updated": 0
  },
  {
    "id": "0a8c5bbf-dc7e-43a6-a796-06e10cabc847",
    "data": [
      {
        "text": "please turn on ",
        "userDefined": false
      },
      {
        "text": "computer",
        "alias": "device",
        "meta": "@device",
        "userDefined": true
      }
    ],
    "isTemplate": false,
    "count": 0,
    "updated": 0
  },
  {
    "id": "5666b667-bee3-4e5c-94ef-f6bac0220da1",
    "data": [
      {
        "text": "turn on ",
        "userDefined": false
      },
      {
        "text": "TV",
        "alias": "device",
        "meta": "@device",
        "userDefined": true
      }
    ],
    "isTemplate": false,
    "count": 1,
    "updated": 0
  },
  {
    "id": "19711367-b5ed-45fa-945b-7df6a4ff299e",
    "data": [
      {
        "text": "can you turn on ",
        "userDefined": false
      },
      {
        "text": "computer",
        "alias": "device",
        "meta": "@device",
        "userDefined": true
      },
      {
        "text": " for me",
        "userDefined": false
      }
    ],
    "isTemplate": false,
    "count": 0,
    "updated": 0
  },
  {
    "id": "a4db2d7c-ec55-404f-a522-169688ab4c22",
    "data": [
      {
        "text": "turn on ",
        "userDefined": false
      },
      {
        "text": "TV",
        "alias": "device",
        "meta": "@device",
        "userDefined": true
      },
      {
        "text": " in the ",
        "userDefined": false
      },
      {
        "text": "kitchen",
        "alias": "room",
        "meta": "@room",
        "userDefined": true
      }
    ],
    "isTemplate": false,
    "count": 1,
    "updated": 0
  },
  {
    "id": "14656291-566a-447c-a785-c2591e63ea3f",
    "data": [
      {
        "text": "can you turn on ",
        "userDefined": false
      },
      {
        "text": "refrigerator",
        "alias": "device",
        "meta": "@device",
        "userDefined": true
      },
      {
        "text": " for me please",
        "userDefined": false
      }
    ],
    "isTemplate": false,
    "count": 0,
    "updated": 0
  },
  {
    "id": "895aea05-c2ff-4a94-acec-22cdbd50d65c",
    "data": [
      {
        "text": "turn on the ",
        "userDefined": false
      },
      {
        "text": "air conditioning",
        "alias": "device",
        "meta": "@device",
        "userDefined": true
      }
    ],
    "isTemplate": false,
    "count": 0,
    "updated": 0
  },
  {
    "id": "29a3b3ea-e4e4-45dd-bf74-d56af5af96fe",
    "data": [
      {
        "text": "can you turn on ",
        "userDefined": false
      },
      {
        "text": "air conditioner",
        "alias": "device",
        "meta": "@device",
        "userDefined": true
      },
      {
        "text": " for me please",
        "userDefined": false
      }
    ],
    "isTemplate": false,
    "count": 0,
    "updated": 0
  },
  {
    "id": "0b56a078-1c1d-4e13-aea1-8f7f529d706b",
    "data": [
      {
        "text": "turn on ",
        "userDefined": false
      },
      {
        "text": "all",
        "alias": "all",
        "meta": "@all",
        "userDefined": true
      },
      {
        "text": " ",
        "userDefined": false
      },
      {
        "text": "things",
        "meta": "@sys.ignore",
        "userDefined": true
      }
    ],
    "isTemplate": false,
    "count": 0,
    "updated": 0
  },
  {
    "id": "99d49edc-f1d1-457e-a8e4-7312803a193c",
    "data": [
      {
        "text": "turn on the ",
        "userDefined": false
      },
      {
        "text": "electric blanket",
        "alias": "device",
        "meta": "@device",
        "userDefined": true
      }
    ],
    "isTemplate": false,
    "count": 1,
    "updated": 0
  },
  {
    "id": "2990992c-8e25-45e5-a32e-6ddcdc43cfec",
    "data": [
      {
        "text": "turn on ",
        "userDefined": false
      },
      {
        "text": "everything",
        "alias": "all",
        "meta": "@all",
        "userDefined": true
      }
    ],
    "isTemplate": false,
    "count": 1,
    "updated": 0
  }
]