[
  {
    "id": "78ed97be-bf8f-4007-82d7-3d2249985994",
    "data": [
      {
        "text": "TV",
        "alias": "device",
        "meta": "@device-volume",
        "userDefined": true
      },
      {
        "text": " sound is disturbing ",
        "userDefined": false
      },
      {
        "text": "me",
        "meta": "@sys.ignore",
        "userDefined": false
      },
      {
        "text": " ",
        "userDefined": false
      },
      {
        "text": "everywhere",
        "alias": "all",
        "meta": "@all",
        "userDefined": true
      },
      {
        "text": " ",
        "userDefined": false
      },
      {
        "text": "in",
        "meta": "@sys.ignore",
        "userDefined": false
      },
      {
        "text": " ",
        "userDefined": false
      },
      {
        "text": "the house",
        "meta": "@sys.ignore",
        "userDefined": false
      }
    ],
    "isTemplate": false,
    "count": 0,
    "updated": 0
  },
  {
    "id": "cf90a0e2-1779-42e5-a766-bcf52c11085c",
    "data": [
      {
        "text": "I ",
        "userDefined": false
      },
      {
        "text": "don\u0027t",
        "meta": "@sys.ignore",
        "userDefined": false
      },
      {
        "text": " ",
        "userDefined": false
      },
      {
        "text": "like",
        "meta": "@sys.ignore",
        "userDefined": false
      },
      {
        "text": " hearing ",
        "userDefined": false
      },
      {
        "text": "TV",
        "alias": "device",
        "meta": "@device-volume",
        "userDefined": true
      },
      {
        "text": " ",
        "userDefined": false
      },
      {
        "text": "sound",
        "meta": "@sys.ignore",
        "userDefined": false
      },
      {
        "text": " from ",
        "userDefined": false
      },
      {
        "text": "kitchen",
        "alias": "room",
        "meta": "@room",
        "userDefined": true
      }
    ],
    "isTemplate": false,
    "count": 0,
    "updated": 0
  },
  {
    "id": "775440c6-ac5c-4787-8a95-fb2a51b91c1f",
    "data": [
      {
        "text": "TV",
        "alias": "device",
        "meta": "@device-volume",
        "userDefined": true
      },
      {
        "text": " sound is disturbing ",
        "userDefined": false
      },
      {
        "text": "me",
        "meta": "@sys.ignore",
        "userDefined": false
      }
    ],
    "isTemplate": false,
    "count": 0,
    "updated": 0
  }
]