[
  {
    "id": "31236a3d-d993-45e2-bc66-adefafd75148",
    "data": [
      {
        "text": "I want to unmute the ",
        "userDefined": false
      },
      {
        "text": "TV",
        "alias": "device",
        "meta": "@device-volume",
        "userDefined": true
      },
      {
        "text": " in the ",
        "userDefined": false
      },
      {
        "text": "living room",
        "alias": "room",
        "meta": "@room",
        "userDefined": true
      },
      {
        "text": " could you do that for me",
        "userDefined": false
      }
    ],
    "isTemplate": false,
    "count": 0,
    "updated": 0
  },
  {
    "id": "223e6944-a591-4bcd-84e9-ebe48283ecd0",
    "data": [
      {
        "text": "unmute the ",
        "userDefined": false
      },
      {
        "text": "garage",
        "alias": "room",
        "meta": "@room",
        "userDefined": true
      },
      {
        "text": " ",
        "userDefined": false
      },
      {
        "text": "speakers",
        "alias": "device",
        "meta": "@device-volume",
        "userDefined": true
      },
      {
        "text": " please",
        "userDefined": false
      }
    ],
    "isTemplate": false,
    "count": 0,
    "updated": 0
  },
  {
    "id": "e11c54a5-e293-409c-b60e-820e1e4b9bda",
    "data": [
      {
        "text": "turn off the ",
        "userDefined": false
      },
      {
        "text": "TV",
        "alias": "device",
        "meta": "@device-volume",
        "userDefined": true
      },
      {
        "text": " mute mode",
        "userDefined": false
      }
    ],
    "isTemplate": false,
    "count": 0,
    "updated": 0
  },
  {
    "id": "06f3c7f5-9f90-419a-9762-d87d1c58ce66",
    "data": [
      {
        "text": "turn off",
        "meta": "@sys.ignore",
        "userDefined": false
      },
      {
        "text": " the mute mode",
        "userDefined": false
      }
    ],
    "isTemplate": false,
    "count": 0,
    "updated": 0
  },
  {
    "id": "998140a1-9e62-4c49-a1f6-020e8371fc67",
    "data": [
      {
        "text": "I would like to unmute the ",
        "userDefined": false
      },
      {
        "text": "radio",
        "alias": "device",
        "meta": "@device-volume",
        "userDefined": true
      },
      {
        "text": " in the ",
        "userDefined": false
      },
      {
        "text": "bathroom",
        "alias": "room",
        "meta": "@room",
        "userDefined": true
      }
    ],
    "isTemplate": false,
    "count": 0,
    "updated": 0
  },
  {
    "id": "7d9f0a31-db87-45d7-9eca-37b50a929ec3",
    "data": [
      {
        "text": "how do I unmute the ",
        "userDefined": false
      },
      {
        "text": "kitchen",
        "alias": "room",
        "meta": "@room",
        "userDefined": true
      },
      {
        "text": " ",
        "userDefined": false
      },
      {
        "text": "radio",
        "alias": "device",
        "meta": "@device-volume",
        "userDefined": true
      }
    ],
    "isTemplate": false,
    "count": 0,
    "updated": 0
  },
  {
    "id": "52491df9-1246-442d-a8be-d85765c91835",
    "data": [
      {
        "text": "could you unmute the ",
        "userDefined": false
      },
      {
        "text": "TV",
        "alias": "device",
        "meta": "@device-volume",
        "userDefined": true
      },
      {
        "text": " for me",
        "userDefined": false
      }
    ],
    "isTemplate": false,
    "count": 0,
    "updated": 0
  },
  {
    "id": "0bb34b29-74e2-4164-a72c-d6697467d9f5",
    "data": [
      {
        "text": "unmute",
        "userDefined": false
      }
    ],
    "isTemplate": false,
    "count": 0,
    "updated": 0
  },
  {
    "id": "d93b942a-1c2e-4f67-a268-8e584003e036",
    "data": [
      {
        "text": "unmute the sound",
        "userDefined": false
      }
    ],
    "isTemplate": false,
    "count": 0,
    "updated": 0
  },
  {
    "id": "c4eef75e-0499-4770-a55e-c52325d6333b",
    "data": [
      {
        "text": "turn mute mode off",
        "userDefined": false
      }
    ],
    "isTemplate": false,
    "count": 0,
    "updated": 0
  },
  {
    "id": "82cbec09-19b2-4b4c-8502-186b566fde6c",
    "data": [
      {
        "text": "turn off mute",
        "userDefined": false
      }
    ],
    "isTemplate": false,
    "count": 0,
    "updated": 0
  },
  {
    "id": "4e96e09a-65ab-4562-b7dc-e83b1162291d",
    "data": [
      {
        "text": "unmute the ",
        "userDefined": false
      },
      {
        "text": "TV",
        "alias": "device",
        "meta": "@device-volume",
        "userDefined": false
      }
    ],
    "isTemplate": false,
    "count": 0,
    "updated": 0
  },
  {
    "id": "ec89c2c7-b5a9-4418-a4da-a65f1191d1a2",
    "data": [
      {
        "text": "unmute ",
        "userDefined": false
      },
      {
        "text": "speakers",
        "alias": "device",
        "meta": "@device-volume",
        "userDefined": true
      },
      {
        "text": " in the ",
        "userDefined": false
      },
      {
        "text": "kitchen",
        "alias": "room",
        "meta": "@room",
        "userDefined": true
      }
    ],
    "isTemplate": false,
    "count": 0,
    "updated": 0
  },
  {
    "id": "539e9ed8-dd92-4d9e-8034-a45d3938488a",
    "data": [
      {
        "text": "kitchen",
        "alias": "room",
        "meta": "@room",
        "userDefined": true
      },
      {
        "text": " ",
        "userDefined": false
      },
      {
        "text": "speakers",
        "alias": "device",
        "meta": "@device-volume",
        "userDefined": true
      },
      {
        "text": " unmute",
        "userDefined": false
      }
    ],
    "isTemplate": false,
    "count": 0,
    "updated": 0
  },
  {
    "id": "d8c00086-b8f7-48a6-b2fd-f9aa597e5beb",
    "data": [
      {
        "text": "turn ",
        "userDefined": false
      },
      {
        "text": "off",
        "meta": "@sys.ignore",
        "userDefined": true
      },
      {
        "text": " mute mode for ",
        "userDefined": false
      },
      {
        "text": "kitchen",
        "alias": "room",
        "meta": "@room",
        "userDefined": true
      },
      {
        "text": " ",
        "userDefined": false
      },
      {
        "text": "TV",
        "alias": "device",
        "meta": "@device-volume",
        "userDefined": true
      }
    ],
    "isTemplate": false,
    "count": 0,
    "updated": 0
  },
  {
    "id": "256c662e-e815-45cb-b981-1a4a30f3642f",
    "data": [
      {
        "text": "turn ",
        "userDefined": false
      },
      {
        "text": "off",
        "meta": "@sys.ignore",
        "userDefined": true
      },
      {
        "text": " mute for ",
        "userDefined": false
      },
      {
        "text": "TV",
        "alias": "device",
        "meta": "@device-volume",
        "userDefined": true
      }
    ],
    "isTemplate": false,
    "count": 0,
    "updated": 0
  },
  {
    "id": "7c24bfae-81e7-4294-ade9-f4357ba90a60",
    "data": [
      {
        "text": "turn ",
        "userDefined": false
      },
      {
        "text": "off",
        "meta": "@sys.ignore",
        "userDefined": true
      },
      {
        "text": " ",
        "userDefined": false
      },
      {
        "text": "radio",
        "alias": "device",
        "meta": "@device-volume",
        "userDefined": true
      },
      {
        "text": " mute",
        "userDefined": false
      }
    ],
    "isTemplate": false,
    "count": 0,
    "updated": 0
  },
  {
    "id": "545e39b8-abdf-4538-ac14-a6ace5079af0",
    "data": [
      {
        "text": "unmute ",
        "userDefined": false
      },
      {
        "text": "speakers",
        "alias": "device",
        "meta": "@device-volume",
        "userDefined": true
      }
    ],
    "isTemplate": false,
    "count": 0,
    "updated": 0
  },
  {
    "id": "a98a6a5a-cb01-4ab8-9450-25707ecc138c",
    "data": [
      {
        "text": "turn mute ",
        "userDefined": false
      },
      {
        "text": "off",
        "meta": "@sys.ignore",
        "userDefined": true
      },
      {
        "text": " for ",
        "userDefined": false
      },
      {
        "text": "speakers",
        "alias": "device",
        "meta": "@device-volume",
        "userDefined": true
      },
      {
        "text": " in the ",
        "userDefined": false
      },
      {
        "text": "kitchen",
        "alias": "room",
        "meta": "@room",
        "userDefined": true
      }
    ],
    "isTemplate": false,
    "count": 0,
    "updated": 0
  }
]