[
  {
    "id": "d1c8604b-2a07-49ae-8c95-527b56aa63ab",
    "data": [
      {
        "text": "what is the temperature in the ",
        "userDefined": false
      },
      {
        "text": "living room",
        "alias": "room",
        "meta": "@room",
        "userDefined": true
      }
    ],
    "isTemplate": false,
    "count": 0,
    "updated": 0
  },
  {
    "id": "585a4e4a-a316-4118-9822-4cd5373699db",
    "data": [
      {
        "text": "can you check the temperature in ",
        "userDefined": false
      },
      {
        "text": "kids room",
        "alias": "room",
        "meta": "@room",
        "userDefined": true
      }
    ],
    "isTemplate": false,
    "count": 0,
    "updated": 0
  },
  {
    "id": "c552c2fe-5bf3-4bf1-b3ce-7afd2d09493d",
    "data": [
      {
        "text": "can you report the temperature in ",
        "userDefined": false
      },
      {
        "text": "bedroom",
        "alias": "room",
        "meta": "@room",
        "userDefined": true
      },
      {
        "text": " please",
        "userDefined": false
      }
    ],
    "isTemplate": false,
    "count": 0,
    "updated": 0
  },
  {
    "id": "18fd9a24-8b9b-4312-a700-1f987cee5b22",
    "data": [
      {
        "text": "check the ",
        "userDefined": false
      },
      {
        "text": "heating",
        "alias": "device",
        "meta": "@heating",
        "userDefined": true
      }
    ],
    "isTemplate": false,
    "count": 0,
    "updated": 0
  },
  {
    "id": "2accad43-f78e-4b63-a1bb-e6d7653fa187",
    "data": [
      {
        "text": "tell me the temperature in ",
        "userDefined": false
      },
      {
        "text": "all",
        "alias": "all",
        "meta": "@all",
        "userDefined": true
      },
      {
        "text": " rooms",
        "userDefined": false
      }
    ],
    "isTemplate": false,
    "count": 0,
    "updated": 0
  },
  {
    "id": "8af527f0-d3d4-4734-acb5-09c640c12919",
    "data": [
      {
        "text": "temperature in ",
        "userDefined": false
      },
      {
        "text": "kitchen",
        "alias": "room",
        "meta": "@room",
        "userDefined": true
      }
    ],
    "isTemplate": false,
    "count": 0,
    "updated": 0
  },
  {
    "id": "42efbcd5-dd9f-413e-b891-313380d56993",
    "data": [
      {
        "text": "what\u0027s the temperature in the ",
        "userDefined": false
      },
      {
        "text": "living room",
        "alias": "room",
        "meta": "@room",
        "userDefined": true
      }
    ],
    "isTemplate": false,
    "count": 0,
    "updated": 0
  },
  {
    "id": "882805f8-6aa8-40eb-8b5e-d8019596e001",
    "data": [
      {
        "text": "is ",
        "userDefined": false
      },
      {
        "text": "temperature",
        "meta": "@sys.ignore",
        "userDefined": true
      },
      {
        "text": " in ",
        "userDefined": false
      },
      {
        "text": "bedroom",
        "alias": "room",
        "meta": "@room",
        "userDefined": true
      },
      {
        "text": " ",
        "userDefined": false
      },
      {
        "text": "20",
        "alias": "value",
        "meta": "@sys.number",
        "userDefined": true
      },
      {
        "text": " degrees",
        "userDefined": false
      }
    ],
    "isTemplate": false,
    "count": 0,
    "updated": 0
  },
  {
    "id": "551eada6-3af6-44d1-aca6-3d0a13bb6c78",
    "data": [
      {
        "text": "what\u0027s the temperature",
        "userDefined": false
      }
    ],
    "isTemplate": false,
    "count": 0,
    "updated": 0
  },
  {
    "id": "feb77f1a-5bb4-4856-9e0d-d30cbb87cabc",
    "data": [
      {
        "text": "check ",
        "userDefined": false
      },
      {
        "text": "heating",
        "alias": "device",
        "meta": "@heating",
        "userDefined": true
      },
      {
        "text": " in the ",
        "userDefined": false
      },
      {
        "text": "kitchen",
        "alias": "room",
        "meta": "@room",
        "userDefined": true
      }
    ],
    "isTemplate": false,
    "count": 0,
    "updated": 0
  },
  {
    "id": "69e4a955-0f49-473f-910b-22b5d1752b1b",
    "data": [
      {
        "text": "what is the temperature in ",
        "userDefined": false
      },
      {
        "text": "bedroom",
        "alias": "room",
        "meta": "@room",
        "userDefined": true
      }
    ],
    "isTemplate": false,
    "count": 0,
    "updated": 0
  },
  {
    "id": "5ebbe53f-9922-4646-bfeb-d53567195db6",
    "data": [
      {
        "text": "check temperature in the ",
        "userDefined": false
      },
      {
        "text": "bedroom",
        "alias": "room",
        "meta": "@room",
        "userDefined": true
      }
    ],
    "isTemplate": false,
    "count": 0,
    "updated": 0
  },
  {
    "id": "409928ec-8719-40de-8a19-ef7089e321df",
    "data": [
      {
        "text": "what is the temp",
        "userDefined": false
      }
    ],
    "isTemplate": false,
    "count": 0,
    "updated": 0
  },
  {
    "id": "df4ea72e-a803-4497-9939-2c44b5029fe8",
    "data": [
      {
        "text": "what\u0027s the temperature ",
        "userDefined": false
      },
      {
        "text": "everywhere",
        "alias": "all",
        "meta": "@all",
        "userDefined": true
      }
    ],
    "isTemplate": false,
    "count": 0,
    "updated": 0
  },
  {
    "id": "d86403c3-049e-4388-930a-112a7228ae2b",
    "data": [
      {
        "text": "tell me the temperature for ",
        "userDefined": false
      },
      {
        "text": "dining room",
        "alias": "room",
        "meta": "@room",
        "userDefined": true
      }
    ],
    "isTemplate": false,
    "count": 0,
    "updated": 0
  },
  {
    "id": "d87d9f14-b933-4541-b071-4f846cf0b538",
    "data": [
      {
        "text": "report the temperature in ",
        "userDefined": false
      },
      {
        "text": "bedroom",
        "alias": "room",
        "meta": "@room",
        "userDefined": true
      }
    ],
    "isTemplate": false,
    "count": 0,
    "updated": 0
  },
  {
    "id": "971be0f8-2481-4bb8-a948-ebdf8fd78a00",
    "data": [
      {
        "text": "what is ",
        "userDefined": false
      },
      {
        "text": "cooling point",
        "alias": "device",
        "meta": "@heating",
        "userDefined": true
      },
      {
        "text": " set as",
        "userDefined": false
      }
    ],
    "isTemplate": false,
    "count": 0,
    "updated": 0
  },
  {
    "id": "9513e6d7-4e3d-423c-9ca2-c6ffbb165f34",
    "data": [
      {
        "text": "is ",
        "userDefined": false
      },
      {
        "text": "temperature",
        "meta": "@sys.ignore",
        "userDefined": true
      },
      {
        "text": " ",
        "userDefined": false
      },
      {
        "text": "20",
        "alias": "value",
        "meta": "@sys.number",
        "userDefined": true
      },
      {
        "text": " degrees",
        "userDefined": false
      }
    ],
    "isTemplate": false,
    "count": 0,
    "updated": 0
  },
  {
    "id": "ee671d0a-5f33-4808-af8e-d433e5308f12",
    "data": [
      {
        "text": "check ",
        "userDefined": false
      },
      {
        "text": "kitchen",
        "alias": "room",
        "meta": "@room",
        "userDefined": true
      },
      {
        "text": " ",
        "userDefined": false
      },
      {
        "text": "temperature",
        "meta": "@sys.ignore",
        "userDefined": true
      }
    ],
    "isTemplate": false,
    "count": 0,
    "updated": 0
  },
  {
    "id": "df732cbb-0220-4c85-8604-b5cf526998c0",
    "data": [
      {
        "text": "what s the temperature in the ",
        "userDefined": false
      },
      {
        "text": "kitchen",
        "alias": "room",
        "meta": "@room",
        "userDefined": true
      }
    ],
    "isTemplate": false,
    "count": 0,
    "updated": 0
  },
  {
    "id": "c05545d3-aab0-43e9-8477-e44ecb7fbcf3",
    "data": [
      {
        "text": "report the temperature in ",
        "userDefined": false
      },
      {
        "text": "kids room",
        "alias": "room",
        "meta": "@room",
        "userDefined": true
      }
    ],
    "isTemplate": false,
    "count": 0,
    "updated": 0
  },
  {
    "id": "8142b31a-93b5-4214-9ee8-a8e5ea7487f1",
    "data": [
      {
        "text": "tell me the temp level",
        "userDefined": false
      }
    ],
    "isTemplate": false,
    "count": 0,
    "updated": 0
  },
  {
    "id": "2a463547-0508-4625-ba0f-2664c523711f",
    "data": [
      {
        "text": "tell me what\u0027s the temperature in ",
        "userDefined": false
      },
      {
        "text": "dining room",
        "alias": "room",
        "meta": "@room",
        "userDefined": true
      },
      {
        "text": " now",
        "userDefined": false
      }
    ],
    "isTemplate": false,
    "count": 0,
    "updated": 0
  },
  {
    "id": "00fb3288-87db-4564-800e-1e9651f402d4",
    "data": [
      {
        "text": "what is the temperature",
        "userDefined": false
      }
    ],
    "isTemplate": false,
    "count": 0,
    "updated": 0
  },
  {
    "id": "1b69e7a6-cb5e-471a-9ec0-592ec4345de4",
    "data": [
      {
        "text": "check temperature at ",
        "userDefined": false
      },
      {
        "text": "home",
        "meta": "@sys.ignore",
        "userDefined": true
      }
    ],
    "isTemplate": false,
    "count": 1,
    "updated": 0
  },
  {
    "id": "a5cb3636-b2dc-4b9b-9d45-19b5a3c9321f",
    "data": [
      {
        "text": "report the temperature in ",
        "userDefined": false
      },
      {
        "text": "bedroom",
        "alias": "room",
        "meta": "@room",
        "userDefined": true
      },
      {
        "text": " please",
        "userDefined": false
      }
    ],
    "isTemplate": false,
    "count": 0,
    "updated": 0
  },
  {
    "id": "1666a184-811e-463e-b310-4e265cfa09b1",
    "data": [
      {
        "text": "what is the temperature of ",
        "userDefined": false
      },
      {
        "text": "motion sensor",
        "alias": "device",
        "meta": "@heating",
        "userDefined": true
      }
    ],
    "isTemplate": false,
    "count": 0,
    "updated": 0
  },
  {
    "id": "0441567a-575b-4e04-8621-5f74a8d32b3b",
    "data": [
      {
        "text": "check temperature in the ",
        "userDefined": false
      },
      {
        "text": "kitchen",
        "alias": "room",
        "meta": "@room",
        "userDefined": true
      }
    ],
    "isTemplate": false,
    "count": 1,
    "updated": 0
  },
  {
    "id": "649f6a58-d242-4df6-964e-f528601fd1dd",
    "data": [
      {
        "text": "can you report the temperature in ",
        "userDefined": false
      },
      {
        "text": "bedroom",
        "alias": "room",
        "meta": "@room",
        "userDefined": true
      },
      {
        "text": " now",
        "userDefined": false
      }
    ],
    "isTemplate": false,
    "count": 0,
    "updated": 0
  },
  {
    "id": "33b56974-4f32-47e3-a30e-dc460d7321ff",
    "data": [
      {
        "text": "is temperature high",
        "userDefined": false
      }
    ],
    "isTemplate": false,
    "count": 0,
    "updated": 0
  },
  {
    "id": "2b2bc246-8301-439a-9b74-3b4e1a1b484b",
    "data": [
      {
        "text": "please check ",
        "userDefined": false
      },
      {
        "text": "bedroom\u0027s",
        "alias": "room",
        "meta": "@room",
        "userDefined": true
      },
      {
        "text": " temperature",
        "userDefined": false
      }
    ],
    "isTemplate": false,
    "count": 0,
    "updated": 0
  },
  {
    "id": "976a2a4f-8e44-422c-abee-221dedbe9e7b",
    "data": [
      {
        "text": "tell me the temperature",
        "userDefined": false
      }
    ],
    "isTemplate": false,
    "count": 0,
    "updated": 0
  },
  {
    "id": "8bec2773-c71e-43fe-bd68-60bd2326d9e3",
    "data": [
      {
        "text": "please check the temperature in ",
        "userDefined": false
      },
      {
        "text": "kids room",
        "alias": "room",
        "meta": "@room",
        "userDefined": true
      }
    ],
    "isTemplate": false,
    "count": 0,
    "updated": 0
  },
  {
    "id": "a6a2b4c9-e4b8-435e-9a3b-7cdcef86c47e",
    "data": [
      {
        "text": "can you report the temperature in ",
        "userDefined": false
      },
      {
        "text": "bedroom",
        "alias": "room",
        "meta": "@room",
        "userDefined": true
      },
      {
        "text": " for me",
        "userDefined": false
      }
    ],
    "isTemplate": false,
    "count": 0,
    "updated": 0
  },
  {
    "id": "fd87fac5-a4db-4821-8058-cf47e9eb976a",
    "data": [
      {
        "text": "what\u0027s the ",
        "userDefined": false
      },
      {
        "text": "temperature",
        "meta": "@sys.ignore",
        "userDefined": true
      }
    ],
    "isTemplate": false,
    "count": 0,
    "updated": 0
  },
  {
    "id": "0f5561d7-7fb6-44ac-abb7-f639dd27ef44",
    "data": [
      {
        "text": "is temp ",
        "userDefined": false
      },
      {
        "text": "25",
        "alias": "value",
        "meta": "@sys.number",
        "userDefined": true
      },
      {
        "text": " degrees",
        "userDefined": false
      }
    ],
    "isTemplate": false,
    "count": 0,
    "updated": 0
  },
  {
    "id": "d57f8227-fa34-4fda-898d-f1f246331d34",
    "data": [
      {
        "text": "what\u0027s the temperature in ",
        "userDefined": false
      },
      {
        "text": "bedroom",
        "alias": "room",
        "meta": "@room",
        "userDefined": true
      }
    ],
    "isTemplate": false,
    "count": 0,
    "updated": 0
  },
  {
    "id": "ae6c4298-44a7-4539-af1f-4e39cb69494b",
    "data": [
      {
        "text": "tell me the temperature in ",
        "userDefined": false
      },
      {
        "text": "dining room",
        "alias": "room",
        "meta": "@room",
        "userDefined": true
      }
    ],
    "isTemplate": false,
    "count": 0,
    "updated": 0
  },
  {
    "id": "43d10642-efcf-4e4f-8b57-9be22b257f9b",
    "data": [
      {
        "text": "can you report the temperature in ",
        "userDefined": false
      },
      {
        "text": "kids room",
        "alias": "room",
        "meta": "@room",
        "userDefined": true
      }
    ],
    "isTemplate": false,
    "count": 0,
    "updated": 0
  }
]