[
  {
    "id": "bd937798-2c0f-4c9a-9495-43fca8fef6da",
    "data": [
      {
        "text": "10",
        "alias": "change-value",
        "meta": "@sys.number",
        "userDefined": true
      },
      {
        "text": " more",
        "userDefined": false
      }
    ],
    "isTemplate": false,
    "count": 0,
    "updated": 0
  },
  {
    "id": "1a9d5762-81c8-44b7-964f-1da50a79e1ed",
    "data": [
      {
        "text": "15",
        "alias": "change-value",
        "meta": "@sys.number",
        "userDefined": true
      },
      {
        "text": " points more",
        "userDefined": false
      }
    ],
    "isTemplate": false,
    "count": 0,
    "updated": 0
  },
  {
    "id": "cbbadb2f-ada1-4b0e-a46d-aecea5e153be",
    "data": [
      {
        "text": "20",
        "alias": "change-value",
        "meta": "@sys.number",
        "userDefined": true
      },
      {
        "text": " more degrees",
        "userDefined": false
      }
    ],
    "isTemplate": false,
    "count": 0,
    "updated": 0
  },
  {
    "id": "142fc852-3118-4a3a-b1ea-8064850dd2ae",
    "data": [
      {
        "text": "add ",
        "userDefined": false
      },
      {
        "text": "25",
        "alias": "change-value",
        "meta": "@sys.number",
        "userDefined": false
      },
      {
        "text": " more",
        "userDefined": false
      }
    ],
    "isTemplate": false,
    "count": 0,
    "updated": 0
  },
  {
    "id": "801ab0e0-3826-45fd-9969-e04d7fa03cb8",
    "data": [
      {
        "text": "add more ",
        "userDefined": false
      },
      {
        "text": "30",
        "alias": "change-value",
        "meta": "@sys.number",
        "userDefined": false
      },
      {
        "text": " points",
        "userDefined": false
      }
    ],
    "isTemplate": false,
    "count": 0,
    "updated": 0
  },
  {
    "id": "fea4c7f4-8d46-4cfa-b486-62d0a6501c4a",
    "data": [
      {
        "text": "more ",
        "userDefined": false
      },
      {
        "text": "30",
        "alias": "change-value",
        "meta": "@sys.number",
        "userDefined": false
      },
      {
        "text": " points",
        "userDefined": false
      }
    ],
    "isTemplate": false,
    "count": 0,
    "updated": 0
  },
  {
    "id": "0c5974c5-0f70-4445-a048-0df252826a5c",
    "data": [
      {
        "text": "add ",
        "userDefined": false
      },
      {
        "text": "35",
        "alias": "change-value",
        "meta": "@sys.number",
        "userDefined": false
      },
      {
        "text": " grad more",
        "userDefined": false
      }
    ],
    "isTemplate": false,
    "count": 0,
    "updated": 0
  },
  {
    "id": "bd35211a-df17-4294-81ec-a5b0f84cfc63",
    "data": [
      {
        "text": "35",
        "alias": "change-value",
        "meta": "@sys.number",
        "userDefined": false
      },
      {
        "text": " grads more",
        "userDefined": false
      }
    ],
    "isTemplate": false,
    "count": 0,
    "updated": 0
  },
  {
    "id": "800be9e2-089c-4e2f-98a6-fec60c950930",
    "data": [
      {
        "text": "turn ",
        "userDefined": false
      },
      {
        "text": "it",
        "meta": "@sys.ignore",
        "userDefined": false
      },
      {
        "text": " up by ",
        "userDefined": false
      },
      {
        "text": "15",
        "alias": "change-value",
        "meta": "@sys.number",
        "userDefined": false
      },
      {
        "text": " degrees",
        "userDefined": false
      }
    ],
    "isTemplate": false,
    "count": 0,
    "updated": 0
  },
  {
    "id": "9e13d155-26d7-41db-8b25-091fd7833109",
    "data": [
      {
        "text": "10",
        "alias": "change-value",
        "meta": "@sys.number",
        "userDefined": true
      },
      {
        "text": " less",
        "userDefined": false
      }
    ],
    "isTemplate": false,
    "count": 0,
    "updated": 0
  },
  {
    "id": "9cfc33a4-93ff-4833-8d52-0a90a03fad4b",
    "data": [
      {
        "text": "15",
        "alias": "change-value",
        "meta": "@sys.number",
        "userDefined": true
      },
      {
        "text": " points less",
        "userDefined": false
      }
    ],
    "isTemplate": false,
    "count": 0,
    "updated": 0
  },
  {
    "id": "836ad160-599a-44bb-bdaa-c568fd1c4c87",
    "data": [
      {
        "text": "turn it down by ",
        "userDefined": false
      },
      {
        "text": "15",
        "alias": "change-value",
        "meta": "@sys.number",
        "userDefined": true
      },
      {
        "text": " degrees",
        "userDefined": false
      }
    ],
    "isTemplate": false,
    "count": 0,
    "updated": 0
  }
]