[
  {
    "id": "4293f960-9a1c-4e76-b677-2f934895d148",
    "data": [
      {
        "text": "colder ",
        "userDefined": false
      },
      {
        "text": "now",
        "meta": "@sys.ignore",
        "userDefined": false
      }
    ],
    "isTemplate": false,
    "count": 0,
    "updated": 0
  },
  {
    "id": "a1c80013-0e1b-4959-9504-3f165f49114b",
    "data": [
      {
        "text": "still not cold enough",
        "userDefined": false
      }
    ],
    "isTemplate": false,
    "count": 0,
    "updated": 0
  },
  {
    "id": "6a4dc043-0e1f-4eca-bef4-5da58f695d0d",
    "data": [
      {
        "text": "still warm",
        "userDefined": false
      }
    ],
    "isTemplate": false,
    "count": 0,
    "updated": 0
  },
  {
    "id": "06371c8e-0c28-4bc9-9b79-7edc5d0c7a71",
    "data": [
      {
        "text": "still ",
        "userDefined": false
      },
      {
        "text": "too",
        "meta": "@sys.ignore",
        "userDefined": false
      },
      {
        "text": " ",
        "userDefined": false
      },
      {
        "text": "warm",
        "meta": "@sys.ignore",
        "userDefined": false
      },
      {
        "text": " for ",
        "userDefined": false
      },
      {
        "text": "me",
        "meta": "@sys.ignore",
        "userDefined": false
      }
    ],
    "isTemplate": false,
    "count": 0,
    "updated": 0
  },
  {
    "id": "8b04ea73-0774-4882-bf02-6afaca3ec70f",
    "data": [
      {
        "text": "make ",
        "userDefined": false
      },
      {
        "text": "it",
        "meta": "@sys.ignore",
        "userDefined": true
      },
      {
        "text": " colder",
        "userDefined": false
      }
    ],
    "isTemplate": false,
    "count": 0,
    "updated": 0
  },
  {
    "id": "4b6185fb-4372-4c85-8db1-93c8fd1d2889",
    "data": [
      {
        "text": "too ",
        "userDefined": false
      },
      {
        "text": "warm",
        "meta": "@sys.ignore",
        "userDefined": false
      },
      {
        "text": " for ",
        "userDefined": false
      },
      {
        "text": "me",
        "meta": "@sys.ignore",
        "userDefined": false
      }
    ],
    "isTemplate": false,
    "count": 0,
    "updated": 0
  },
  {
    "id": "589f2b83-9907-44e7-90cd-340d5e495dda",
    "data": [
      {
        "text": "colder",
        "userDefined": false
      }
    ],
    "isTemplate": false,
    "count": 0,
    "updated": 0
  },
  {
    "id": "b9b189ca-b431-4c26-aa70-7bfa1864086b",
    "data": [
      {
        "text": "still ",
        "userDefined": false
      },
      {
        "text": "hot",
        "meta": "@sys.ignore",
        "userDefined": true
      }
    ],
    "isTemplate": false,
    "count": 0,
    "updated": 0
  },
  {
    "id": "f5a4aab1-c0d4-4d2d-a86e-35cb37b128b7",
    "data": [
      {
        "text": "colder please",
        "userDefined": false
      }
    ],
    "isTemplate": false,
    "count": 0,
    "updated": 0
  },
  {
    "id": "f54f8221-fd16-4180-bdf5-337c2e38fd7f",
    "data": [
      {
        "text": "too ",
        "userDefined": false
      },
      {
        "text": "warm",
        "meta": "@sys.ignore",
        "userDefined": true
      }
    ],
    "isTemplate": false,
    "count": 0,
    "updated": 0
  },
  {
    "id": "0f59b285-b8e1-4eae-ba10-291107fa1d1a",
    "data": [
      {
        "text": "not ",
        "userDefined": false
      },
      {
        "text": "cold",
        "meta": "@sys.ignore",
        "userDefined": false
      },
      {
        "text": " enough",
        "userDefined": false
      }
    ],
    "isTemplate": false,
    "count": 0,
    "updated": 0
  },
  {
    "id": "fd6de0d2-35cd-4bee-9d2e-ab8095dee434",
    "data": [
      {
        "text": "still too ",
        "userDefined": false
      },
      {
        "text": "warm",
        "meta": "@sys.ignore",
        "userDefined": false
      }
    ],
    "isTemplate": false,
    "count": 0,
    "updated": 0
  }
]