[
  {
    "id": "facd4095-8502-4081-a136-c1e51a9be7a9",
    "data": [
      {
        "text": "check the status ",
        "userDefined": false
      },
      {
        "text": "of",
        "meta": "@sys.ignore",
        "userDefined": false
      },
      {
        "text": " ",
        "userDefined": false
      },
      {
        "text": "all",
        "alias": "all",
        "meta": "@all",
        "userDefined": false
      },
      {
        "text": " the ",
        "userDefined": false
      },
      {
        "text": "lights",
        "meta": "@sys.ignore",
        "userDefined": false
      }
    ],
    "isTemplate": false,
    "count": 0,
    "updated": 0
  },
  {
    "id": "37880339-84b5-45e1-b565-59e937e4c067",
    "data": [
      {
        "text": "kitchen",
        "alias": "room",
        "meta": "@room",
        "userDefined": true
      },
      {
        "text": " lights status",
        "userDefined": false
      }
    ],
    "isTemplate": false,
    "count": 0,
    "updated": 0
  },
  {
    "id": "88407f49-c029-4828-a545-210ce80673a6",
    "data": [
      {
        "text": "the ",
        "userDefined": false
      },
      {
        "text": "table lamp",
        "alias": "device",
        "meta": "@lights",
        "userDefined": false
      },
      {
        "text": " status",
        "userDefined": false
      }
    ],
    "isTemplate": false,
    "count": 0,
    "updated": 0
  },
  {
    "id": "1bc0dd89-4d33-4915-9721-e3bc80dfc3b1",
    "data": [
      {
        "text": "the ",
        "userDefined": false
      },
      {
        "text": "blue",
        "alias": "color",
        "meta": "@color",
        "userDefined": true
      },
      {
        "text": " lights status",
        "userDefined": false
      }
    ],
    "isTemplate": false,
    "count": 0,
    "updated": 0
  }
]