[
  {
    "id": "d4ed8628-d21b-4dfa-aba0-5c363b386409",
    "data": [
      {
        "text": "set hue",
        "userDefined": false
      }
    ],
    "isTemplate": false,
    "count": 0,
    "updated": 0
  },
  {
    "id": "9a41b48d-01b4-44eb-95d8-ee4bd4224d01",
    "data": [
      {
        "text": "set hue to ",
        "userDefined": false
      },
      {
        "text": "50",
        "alias": "final-value",
        "meta": "@sys.number",
        "userDefined": true
      },
      {
        "text": " points",
        "userDefined": false
      }
    ],
    "isTemplate": false,
    "count": 0,
    "updated": 0
  },
  {
    "id": "9f5c568c-a1c0-4fa6-81c7-d4cc6c5c1e12",
    "data": [
      {
        "text": "set ",
        "userDefined": false
      },
      {
        "text": "lights",
        "alias": "device",
        "meta": "@lights",
        "userDefined": true
      },
      {
        "text": " hue",
        "userDefined": false
      }
    ],
    "isTemplate": false,
    "count": 0,
    "updated": 0
  },
  {
    "id": "b25eba08-f103-48ed-8f93-73417052e9f7",
    "data": [
      {
        "text": "set hue for ",
        "userDefined": false
      },
      {
        "text": "lights",
        "alias": "device",
        "meta": "@lights",
        "userDefined": true
      }
    ],
    "isTemplate": false,
    "count": 0,
    "updated": 0
  },
  {
    "id": "8d75a336-44dc-410d-8f9f-696d7b3ff50e",
    "data": [
      {
        "text": "set ",
        "userDefined": false
      },
      {
        "text": "red",
        "alias": "color",
        "meta": "@color",
        "userDefined": true
      },
      {
        "text": " hue",
        "userDefined": false
      }
    ],
    "isTemplate": false,
    "count": 0,
    "updated": 0
  },
  {
    "id": "116a1632-337c-4613-80dc-313d185c4f7e",
    "data": [
      {
        "text": "red",
        "alias": "color",
        "meta": "@color",
        "userDefined": true
      },
      {
        "text": " hue",
        "userDefined": false
      }
    ],
    "isTemplate": false,
    "count": 0,
    "updated": 0
  },
  {
    "id": "17b43ccd-495d-4a73-ab85-1b0b07ed6085",
    "data": [
      {
        "text": "set hue in the ",
        "userDefined": false
      },
      {
        "text": "kitchen",
        "alias": "room",
        "meta": "@room",
        "userDefined": true
      }
    ],
    "isTemplate": false,
    "count": 0,
    "updated": 0
  },
  {
    "id": "ff6cbfc1-0ad8-49ed-8212-344c854a47b3",
    "data": [
      {
        "text": "set ",
        "userDefined": false
      },
      {
        "text": "kitchen",
        "alias": "room",
        "meta": "@room",
        "userDefined": true
      },
      {
        "text": " hue",
        "userDefined": false
      }
    ],
    "isTemplate": false,
    "count": 0,
    "updated": 0
  },
  {
    "id": "cf9e9936-342f-47eb-9400-f8649eb44bc6",
    "data": [
      {
        "text": "kitchen",
        "alias": "room",
        "meta": "@room",
        "userDefined": true
      },
      {
        "text": " hue",
        "userDefined": false
      }
    ],
    "isTemplate": false,
    "count": 1,
    "updated": 0
  },
  {
    "id": "6b0e0920-6b4e-47ce-adcf-1c064ed3ced8",
    "data": [
      {
        "text": "set hue ",
        "userDefined": false
      },
      {
        "text": "everywhere",
        "alias": "all",
        "meta": "@all",
        "userDefined": true
      }
    ],
    "isTemplate": false,
    "count": 0,
    "updated": 0
  },
  {
    "id": "79856115-253e-4a80-b97e-b874d74975b6",
    "data": [
      {
        "text": "set hue in ",
        "userDefined": false
      },
      {
        "text": "all",
        "alias": "all",
        "meta": "@all",
        "userDefined": true
      },
      {
        "text": " rooms",
        "userDefined": false
      }
    ],
    "isTemplate": false,
    "count": 0,
    "updated": 0
  },
  {
    "id": "d5710ce2-1a8a-4a41-99e0-6726d9c0b42d",
    "data": [
      {
        "text": "hue till ",
        "userDefined": false
      },
      {
        "text": "23",
        "alias": "final-value",
        "meta": "@sys.number",
        "userDefined": true
      }
    ],
    "isTemplate": false,
    "count": 0,
    "updated": 0
  },
  {
    "id": "fccddae3-a862-491f-86d2-194a1daaed4b",
    "data": [
      {
        "text": "hue",
        "userDefined": false
      }
    ],
    "isTemplate": false,
    "count": 0,
    "updated": 0
  },
  {
    "id": "c0bfd708-1c7c-44bb-b04f-1b5c1ee19da7",
    "data": [
      {
        "text": "turn ",
        "userDefined": false
      },
      {
        "text": "on",
        "meta": "@sys.ignore",
        "userDefined": true
      },
      {
        "text": " hue till ",
        "userDefined": false
      },
      {
        "text": "10",
        "alias": "final-value",
        "meta": "@sys.number",
        "userDefined": false
      },
      {
        "text": " points",
        "userDefined": false
      }
    ],
    "isTemplate": false,
    "count": 0,
    "updated": 0
  },
  {
    "id": "e7915fb9-60df-46e4-ab2f-5a012f6233e4",
    "data": [
      {
        "text": "set ",
        "userDefined": false
      },
      {
        "text": "lights",
        "alias": "device",
        "meta": "@lights",
        "userDefined": false
      },
      {
        "text": " hue ",
        "userDefined": false
      },
      {
        "text": "everywhere",
        "alias": "all",
        "meta": "@all",
        "userDefined": false
      }
    ],
    "isTemplate": false,
    "count": 0,
    "updated": 0
  },
  {
    "id": "26943763-cb9b-4841-b9d8-f1281d6c2ac3",
    "data": [
      {
        "text": "set hue to ",
        "userDefined": false
      },
      {
        "text": "green",
        "alias": "color",
        "meta": "@color",
        "userDefined": false
      }
    ],
    "isTemplate": false,
    "count": 0,
    "updated": 0
  }
]