[
  {
    "id": "7b5b8143-f6d1-43e1-82aa-a8536e554cc0",
    "data": [
      {
        "text": "and ",
        "userDefined": false
      },
      {
        "text": "tv",
        "alias": "device",
        "meta": "@device",
        "userDefined": false
      }
    ],
    "isTemplate": false,
    "count": 0,
    "updated": 0
  },
  {
    "id": "30119a9d-ddaa-4a1c-a0ec-cac597130ac6",
    "data": [
      {
        "text": "and the ",
        "userDefined": false
      },
      {
        "text": "video player",
        "alias": "device",
        "meta": "@device",
        "userDefined": false
      },
      {
        "text": " too please",
        "userDefined": false
      }
    ],
    "isTemplate": false,
    "count": 0,
    "updated": 0
  },
  {
    "id": "bf4890bf-5f66-45d9-863d-0b499dbb8abd",
    "data": [
      {
        "text": "also the ",
        "userDefined": false
      },
      {
        "text": "air conditioner",
        "alias": "device",
        "meta": "@device",
        "userDefined": true
      }
    ],
    "isTemplate": false,
    "count": 0,
    "updated": 0
  },
  {
    "id": "e71064fb-3416-4c68-883c-bd7a8f27f5b4",
    "data": [
      {
        "text": "video player",
        "alias": "device",
        "meta": "@device",
        "userDefined": false
      }
    ],
    "isTemplate": false,
    "count": 0,
    "updated": 0
  },
  {
    "id": "5160181c-9c81-4be3-827f-0297f32f9db3",
    "data": [
      {
        "text": "what about ",
        "userDefined": false
      },
      {
        "text": "thermostat",
        "alias": "device",
        "meta": "@device",
        "userDefined": false
      }
    ],
    "isTemplate": false,
    "count": 0,
    "updated": 0
  },
  {
    "id": "922dd62e-d376-44ad-a9d0-b0b0231589a1",
    "data": [
      {
        "text": "video player",
        "alias": "device",
        "meta": "@device",
        "userDefined": false
      },
      {
        "text": " too",
        "userDefined": false
      }
    ],
    "isTemplate": false,
    "count": 0,
    "updated": 0
  },
  {
    "id": "59dba302-bc20-4ee4-98ce-a81b8ecd2130",
    "data": [
      {
        "text": "and ",
        "userDefined": false
      },
      {
        "text": "air conditioner",
        "alias": "device",
        "meta": "@device",
        "userDefined": false
      }
    ],
    "isTemplate": false,
    "count": 0,
    "updated": 0
  }
]