[
  {
    "id": "3c4ff161-1ee1-49cb-a194-5d385f782994",
    "data": [
      {
        "text": "check my ",
        "userDefined": false
      },
      {
        "text": "table lamp",
        "alias": "device",
        "meta": "@lights",
        "userDefined": true
      },
      {
        "text": " hue",
        "userDefined": false
      }
    ],
    "isTemplate": false,
    "count": 0,
    "updated": 0
  },
  {
    "id": "eb592d56-06dd-43c3-90f1-85fdc17b5471",
    "data": [
      {
        "text": "what\u0027s the hue of ",
        "userDefined": false
      },
      {
        "text": "red",
        "alias": "color",
        "meta": "@color",
        "userDefined": true
      },
      {
        "text": " ",
        "userDefined": false
      },
      {
        "text": "lights",
        "meta": "@sys.ignore",
        "userDefined": true
      }
    ],
    "isTemplate": false,
    "count": 0,
    "updated": 0
  },
  {
    "id": "7966e013-df06-4c58-8e70-45ad2449b134",
    "data": [
      {
        "text": "check ",
        "userDefined": false
      },
      {
        "text": "blue",
        "alias": "color",
        "meta": "@color",
        "userDefined": true
      },
      {
        "text": " ",
        "userDefined": false
      },
      {
        "text": "lights",
        "meta": "@sys.ignore",
        "userDefined": true
      },
      {
        "text": " hue",
        "userDefined": false
      }
    ],
    "isTemplate": false,
    "count": 0,
    "updated": 0
  },
  {
    "id": "efbf21ad-8cf7-4ffa-9674-4593b363f39f",
    "data": [
      {
        "text": "check ",
        "userDefined": false
      },
      {
        "text": "lights",
        "meta": "@sys.ignore",
        "userDefined": true
      },
      {
        "text": " hue",
        "userDefined": false
      }
    ],
    "isTemplate": false,
    "count": 0,
    "updated": 0
  },
  {
    "id": "0205db1a-8a2b-405d-a355-51191f8ec1c5",
    "data": [
      {
        "text": "what\u0027s the hue",
        "userDefined": false
      }
    ],
    "isTemplate": false,
    "count": 0,
    "updated": 0
  },
  {
    "id": "25e4bf5d-6ae0-4b01-a212-092c13dfd19e",
    "data": [
      {
        "text": "what\u0027s the hue ",
        "userDefined": false
      },
      {
        "text": "of",
        "meta": "@sys.ignore",
        "userDefined": true
      },
      {
        "text": " ",
        "userDefined": false
      },
      {
        "text": "kitchen",
        "alias": "room",
        "meta": "@room",
        "userDefined": true
      },
      {
        "text": " ",
        "userDefined": false
      },
      {
        "text": "lights",
        "meta": "@sys.ignore",
        "userDefined": true
      }
    ],
    "isTemplate": false,
    "count": 0,
    "updated": 0
  },
  {
    "id": "df77ba38-337a-43cb-a8f1-f4cfa6ca74b3",
    "data": [
      {
        "text": "is the ",
        "userDefined": false
      },
      {
        "text": "light",
        "meta": "@sys.ignore",
        "userDefined": true
      },
      {
        "text": " hue ",
        "userDefined": false
      },
      {
        "text": "10",
        "alias": "value",
        "meta": "@sys.number",
        "userDefined": true
      },
      {
        "text": " points",
        "userDefined": false
      }
    ],
    "isTemplate": false,
    "count": 0,
    "updated": 0
  },
  {
    "id": "106d88d3-fafd-4c9c-a137-d2102cfb2336",
    "data": [
      {
        "text": "what is ",
        "userDefined": false
      },
      {
        "text": "lights",
        "meta": "@sys.ignore",
        "userDefined": true
      },
      {
        "text": " hue",
        "userDefined": false
      }
    ],
    "isTemplate": false,
    "count": 0,
    "updated": 0
  },
  {
    "id": "d6b8a721-36df-491b-9186-5361fdca74e6",
    "data": [
      {
        "text": "what\u0027s the hue ",
        "userDefined": false
      },
      {
        "text": "of",
        "meta": "@sys.ignore",
        "userDefined": true
      },
      {
        "text": " ",
        "userDefined": false
      },
      {
        "text": "bedroom",
        "alias": "room",
        "meta": "@room",
        "userDefined": true
      }
    ],
    "isTemplate": false,
    "count": 0,
    "updated": 0
  },
  {
    "id": "a35f3920-c1bd-4147-94e1-dfe1b2cfee53",
    "data": [
      {
        "text": "check the hue ",
        "userDefined": false
      },
      {
        "text": "everywhere",
        "alias": "all",
        "meta": "@all",
        "userDefined": true
      }
    ],
    "isTemplate": false,
    "count": 0,
    "updated": 0
  },
  {
    "id": "b67ba4c2-525b-4e7d-b641-d16254cd24be",
    "data": [
      {
        "text": "what hue is",
        "userDefined": false
      }
    ],
    "isTemplate": false,
    "count": 1,
    "updated": 0
  },
  {
    "id": "7a123044-bc28-4cab-b25a-7cbba6afb040",
    "data": [
      {
        "text": "what about",
        "meta": "@sys.ignore",
        "userDefined": true
      },
      {
        "text": " hue",
        "userDefined": false
      }
    ],
    "isTemplate": false,
    "count": 0,
    "updated": 0
  },
  {
    "id": "2d746adf-2235-4626-ab87-c4a1b4cd5349",
    "data": [
      {
        "text": "tell about hue",
        "userDefined": false
      }
    ],
    "isTemplate": false,
    "count": 0,
    "updated": 0
  },
  {
    "id": "e215cd2e-e97a-47f6-9a42-a428a0da73bb",
    "data": [
      {
        "text": "what\u0027s the hue of the ",
        "userDefined": false
      },
      {
        "text": "lights",
        "meta": "@sys.ignore",
        "userDefined": true
      }
    ],
    "isTemplate": false,
    "count": 0,
    "updated": 0
  },
  {
    "id": "d147042d-68dc-4aa0-8e2d-f14526661273",
    "data": [
      {
        "text": "what\u0027s the hue of ",
        "userDefined": false
      },
      {
        "text": "lights",
        "meta": "@sys.ignore",
        "userDefined": true
      },
      {
        "text": " in ",
        "userDefined": false
      },
      {
        "text": "bedroom",
        "alias": "room",
        "meta": "@room",
        "userDefined": true
      }
    ],
    "isTemplate": false,
    "count": 0,
    "updated": 0
  },
  {
    "id": "0ce0f499-4f57-47ac-a787-43625cd435ef",
    "data": [
      {
        "text": "is hue level of ",
        "userDefined": false
      },
      {
        "text": "lamp",
        "meta": "@sys.ignore",
        "userDefined": true
      },
      {
        "text": " ",
        "userDefined": false
      },
      {
        "text": "5",
        "alias": "value",
        "meta": "@sys.number",
        "userDefined": true
      },
      {
        "text": " points",
        "userDefined": false
      }
    ],
    "isTemplate": false,
    "count": 0,
    "updated": 0
  },
  {
    "id": "37ccbecd-2a12-4048-a696-a7913a80e354",
    "data": [
      {
        "text": "is hue level of ",
        "userDefined": false
      },
      {
        "text": "lamp",
        "meta": "@sys.ignore",
        "userDefined": true
      },
      {
        "text": " in ",
        "userDefined": false
      },
      {
        "text": "bedroom",
        "alias": "room",
        "meta": "@room",
        "userDefined": true
      },
      {
        "text": " ",
        "userDefined": false
      },
      {
        "text": "5",
        "alias": "value",
        "meta": "@sys.number",
        "userDefined": true
      },
      {
        "text": " points",
        "userDefined": false
      }
    ],
    "isTemplate": false,
    "count": 0,
    "updated": 0
  }
]