[
  {
    "id": "8703435d-6319-4f33-b8ed-961775956c7b",
    "data": [
      {
        "text": "did I turn off ",
        "userDefined": false
      },
      {
        "text": "TV",
        "alias": "device",
        "meta": "@device",
        "userDefined": true
      }
    ],
    "isTemplate": false,
    "count": 0,
    "updated": 0
  },
  {
    "id": "583811d6-42d0-4a54-b11c-21cb00c94157",
    "data": [
      {
        "text": "is ",
        "userDefined": false
      },
      {
        "text": "TV",
        "alias": "device",
        "meta": "@device",
        "userDefined": true
      },
      {
        "text": " ",
        "userDefined": false
      },
      {
        "text": "off",
        "meta": "@sys.ignore",
        "userDefined": true
      },
      {
        "text": " ",
        "userDefined": false
      },
      {
        "text": "everywhere",
        "alias": "all",
        "meta": "@all",
        "userDefined": true
      }
    ],
    "isTemplate": false,
    "count": 0,
    "updated": 0
  },
  {
    "id": "ea40f4a6-d3dd-48a0-b7f4-e20eb1613b3c",
    "data": [
      {
        "text": "is ",
        "userDefined": false
      },
      {
        "text": "TV",
        "alias": "device",
        "meta": "@device",
        "userDefined": true
      },
      {
        "text": " ",
        "userDefined": false
      },
      {
        "text": "off",
        "meta": "@sys.ignore",
        "userDefined": true
      },
      {
        "text": " in the ",
        "userDefined": false
      },
      {
        "text": "kitchen",
        "alias": "room",
        "meta": "@room",
        "userDefined": true
      }
    ],
    "isTemplate": false,
    "count": 0,
    "updated": 0
  },
  {
    "id": "08747526-fd00-45d4-87e5-5fa3eb1b99d3",
    "data": [
      {
        "text": "is ",
        "userDefined": false
      },
      {
        "text": "TV",
        "alias": "device",
        "meta": "@device",
        "userDefined": false
      },
      {
        "text": " ",
        "userDefined": false
      },
      {
        "text": "off",
        "meta": "@sys.ignore",
        "userDefined": false
      },
      {
        "text": " in the ",
        "userDefined": false
      },
      {
        "text": "living room",
        "alias": "room",
        "meta": "@room",
        "userDefined": false
      }
    ],
    "isTemplate": false,
    "count": 0,
    "updated": 0
  },
  {
    "id": "f5dc931c-cff4-4b9f-af78-a096e68d86a2",
    "data": [
      {
        "text": "check if ",
        "userDefined": false
      },
      {
        "text": "TV",
        "alias": "device",
        "meta": "@device",
        "userDefined": false
      },
      {
        "text": " is ",
        "userDefined": false
      },
      {
        "text": "off",
        "meta": "@sys.ignore",
        "userDefined": false
      },
      {
        "text": " in the ",
        "userDefined": false
      },
      {
        "text": "bedroom",
        "alias": "room",
        "meta": "@room",
        "userDefined": false
      }
    ],
    "isTemplate": false,
    "count": 0,
    "updated": 0
  },
  {
    "id": "6347b1b3-8218-4d06-88a5-bf998bedd554",
    "data": [
      {
        "text": "check if I forgot to turn ",
        "userDefined": false
      },
      {
        "text": "TV",
        "alias": "device",
        "meta": "@device",
        "userDefined": false
      },
      {
        "text": " ",
        "userDefined": false
      },
      {
        "text": "off",
        "meta": "@sys.ignore",
        "userDefined": false
      },
      {
        "text": " in the ",
        "userDefined": false
      },
      {
        "text": "living room",
        "alias": "room",
        "meta": "@room",
        "userDefined": false
      }
    ],
    "isTemplate": false,
    "count": 0,
    "updated": 0
  }
]