[
  {
    "id": "cabdfae1-bed2-424d-bed2-9310c5467b22",
    "data": [
      {
        "text": "what is",
        "meta": "@sys.ignore",
        "userDefined": false
      },
      {
        "text": " the ",
        "userDefined": false
      },
      {
        "text": "TV",
        "alias": "device",
        "meta": "@device-volume",
        "userDefined": false
      },
      {
        "text": " ",
        "userDefined": false
      },
      {
        "text": "volume",
        "meta": "@sys.ignore",
        "userDefined": false
      }
    ],
    "isTemplate": false,
    "count": 0,
    "updated": 0
  },
  {
    "id": "b7316c08-bbe3-4615-a3ae-374dbb08c0bc",
    "data": [
      {
        "text": "check for me the volume of the ",
        "userDefined": false
      },
      {
        "text": "TV",
        "alias": "device",
        "meta": "@device-volume",
        "userDefined": true
      },
      {
        "text": " in the ",
        "userDefined": false
      },
      {
        "text": "bathroom",
        "alias": "room",
        "meta": "@room",
        "userDefined": true
      }
    ],
    "isTemplate": false,
    "count": 0,
    "updated": 0
  },
  {
    "id": "697b1c61-54c3-46b9-a620-eede223239b3",
    "data": [
      {
        "text": "how can I check the ",
        "userDefined": false
      },
      {
        "text": "radio",
        "alias": "device",
        "meta": "@device-volume",
        "userDefined": true
      },
      {
        "text": " volume in the ",
        "userDefined": false
      },
      {
        "text": "bedroom",
        "alias": "room",
        "meta": "@room",
        "userDefined": true
      }
    ],
    "isTemplate": false,
    "count": 0,
    "updated": 0
  },
  {
    "id": "ac2e7a33-9926-4d38-b9b8-86cf6520b525",
    "data": [
      {
        "text": "radio",
        "alias": "device",
        "meta": "@device-volume",
        "userDefined": true
      },
      {
        "text": " volume check",
        "userDefined": false
      }
    ],
    "isTemplate": false,
    "count": 0,
    "updated": 0
  },
  {
    "id": "3142593d-6da7-4f06-a5b0-e2f694d4a2ed",
    "data": [
      {
        "text": "could you please check the ",
        "userDefined": false
      },
      {
        "text": "TV",
        "alias": "device",
        "meta": "@device-volume",
        "userDefined": true
      },
      {
        "text": " volume for me",
        "userDefined": false
      }
    ],
    "isTemplate": false,
    "count": 0,
    "updated": 0
  },
  {
    "id": "d2949daf-681e-47b8-92a8-358ba3a98a37",
    "data": [
      {
        "text": "check the ",
        "userDefined": false
      },
      {
        "text": "kitchen\u0027s",
        "alias": "room",
        "meta": "@room",
        "userDefined": true
      },
      {
        "text": " ",
        "userDefined": false
      },
      {
        "text": "speakers",
        "alias": "device",
        "meta": "@device-volume",
        "userDefined": true
      },
      {
        "text": " volume",
        "userDefined": false
      }
    ],
    "isTemplate": false,
    "count": 0,
    "updated": 0
  },
  {
    "id": "9d66ecfd-cb6e-44d4-90c2-8ca87e553a81",
    "data": [
      {
        "text": "what\u0027s the ",
        "userDefined": false
      },
      {
        "text": "TV",
        "alias": "device",
        "meta": "@device-volume",
        "userDefined": true
      },
      {
        "text": " volume in the ",
        "userDefined": false
      },
      {
        "text": "kitchen",
        "alias": "room",
        "meta": "@room",
        "userDefined": true
      }
    ],
    "isTemplate": false,
    "count": 0,
    "updated": 0
  },
  {
    "id": "32f1873d-bce0-44df-b498-70a1f7ddb076",
    "data": [
      {
        "text": "check my ",
        "userDefined": false
      },
      {
        "text": "iPad",
        "alias": "device",
        "meta": "@device-volume",
        "userDefined": true
      },
      {
        "text": " volume please",
        "userDefined": false
      }
    ],
    "isTemplate": false,
    "count": 0,
    "updated": 0
  },
  {
    "id": "6181e377-57ce-4d53-aea1-6503941c56ad",
    "data": [
      {
        "text": "volume check",
        "userDefined": false
      }
    ],
    "isTemplate": false,
    "count": 0,
    "updated": 0
  },
  {
    "id": "f80bb6da-35ea-4c99-98d3-c2cde52db6a7",
    "data": [
      {
        "text": "check volume",
        "userDefined": false
      }
    ],
    "isTemplate": false,
    "count": 0,
    "updated": 0
  },
  {
    "id": "8b70ec72-aea2-4f70-8803-59dc359c8bd7",
    "data": [
      {
        "text": "what\u0027s the ",
        "userDefined": false
      },
      {
        "text": "TV",
        "alias": "device",
        "meta": "@device-volume",
        "userDefined": false
      },
      {
        "text": " volume",
        "userDefined": false
      }
    ],
    "isTemplate": false,
    "count": 0,
    "updated": 0
  },
  {
    "id": "6aac4b7a-a2d8-41e3-9c5c-a6d2c3e45b5a",
    "data": [
      {
        "text": "what\u0027s the volume of the ",
        "userDefined": false
      },
      {
        "text": "speakers",
        "alias": "device",
        "meta": "@device-volume",
        "userDefined": false
      },
      {
        "text": " in the ",
        "userDefined": false
      },
      {
        "text": "living room",
        "alias": "room",
        "meta": "@room",
        "userDefined": true
      }
    ],
    "isTemplate": false,
    "count": 0,
    "updated": 0
  },
  {
    "id": "028b017d-e23f-42b5-a375-12c31200ef31",
    "data": [
      {
        "text": "check ",
        "userDefined": false
      },
      {
        "text": "speakers",
        "alias": "device",
        "meta": "@device-volume",
        "userDefined": false
      },
      {
        "text": " volume",
        "userDefined": false
      }
    ],
    "isTemplate": false,
    "count": 0,
    "updated": 0
  },
  {
    "id": "46da3198-d929-4f48-a31e-a84aff30d228",
    "data": [
      {
        "text": "check volume of the ",
        "userDefined": false
      },
      {
        "text": "TV",
        "alias": "device",
        "meta": "@device-volume",
        "userDefined": true
      }
    ],
    "isTemplate": false,
    "count": 0,
    "updated": 0
  },
  {
    "id": "ea41e963-1e1e-4c21-96c2-cc5279c94579",
    "data": [
      {
        "text": "check volume of the ",
        "userDefined": false
      },
      {
        "text": "TV",
        "alias": "device",
        "meta": "@device-volume",
        "userDefined": true
      },
      {
        "text": " in the ",
        "userDefined": false
      },
      {
        "text": "kitchen",
        "alias": "room",
        "meta": "@room",
        "userDefined": true
      }
    ],
    "isTemplate": false,
    "count": 0,
    "updated": 0
  },
  {
    "id": "2f6014b9-1042-45b7-bc79-f69cdfc5d2ee",
    "data": [
      {
        "text": "check volume ",
        "userDefined": false
      },
      {
        "text": "level",
        "meta": "@sys.ignore",
        "userDefined": true
      },
      {
        "text": " of the ",
        "userDefined": false
      },
      {
        "text": "TV",
        "alias": "device",
        "meta": "@device-volume",
        "userDefined": true
      }
    ],
    "isTemplate": false,
    "count": 0,
    "updated": 0
  },
  {
    "id": "8715eb60-ee59-41c8-9aca-f01645ed6751",
    "data": [
      {
        "text": "check volume level",
        "userDefined": false
      }
    ],
    "isTemplate": false,
    "count": 0,
    "updated": 0
  },
  {
    "id": "0a009752-6f5d-4cb2-a53d-1327ff45c8c6",
    "data": [
      {
        "text": "what\u0027s the volume level",
        "userDefined": false
      }
    ],
    "isTemplate": false,
    "count": 0,
    "updated": 0
  },
  {
    "id": "c9445c32-f43a-4273-acd7-6aedcaee5455",
    "data": [
      {
        "text": "what\u0027s the volume ",
        "userDefined": false
      },
      {
        "text": "level",
        "meta": "@sys.ignore",
        "userDefined": true
      },
      {
        "text": " in the ",
        "userDefined": false
      },
      {
        "text": "kitchen",
        "alias": "room",
        "meta": "@room",
        "userDefined": true
      }
    ],
    "isTemplate": false,
    "count": 0,
    "updated": 0
  },
  {
    "id": "80806583-4377-4f6b-9997-227f8e98225f",
    "data": [
      {
        "text": "what\u0027s the volume ",
        "userDefined": false
      },
      {
        "text": "level",
        "meta": "@sys.ignore",
        "userDefined": true
      },
      {
        "text": " for ",
        "userDefined": false
      },
      {
        "text": "kitchen",
        "alias": "room",
        "meta": "@room",
        "userDefined": true
      },
      {
        "text": " ",
        "userDefined": false
      },
      {
        "text": "speakers",
        "alias": "device",
        "meta": "@device-volume",
        "userDefined": true
      }
    ],
    "isTemplate": false,
    "count": 0,
    "updated": 0
  },
  {
    "id": "deb5bba0-3c3d-4b44-b1ef-dda3ac968966",
    "data": [
      {
        "text": "check volume ",
        "userDefined": false
      },
      {
        "text": "level",
        "meta": "@sys.ignore",
        "userDefined": true
      },
      {
        "text": " for ",
        "userDefined": false
      },
      {
        "text": "kitchen",
        "alias": "room",
        "meta": "@room",
        "userDefined": true
      },
      {
        "text": " ",
        "userDefined": false
      },
      {
        "text": "radio",
        "alias": "device",
        "meta": "@device-volume",
        "userDefined": true
      }
    ],
    "isTemplate": false,
    "count": 0,
    "updated": 0
  },
  {
    "id": "fc84292a-c3f9-4d60-9a0b-fde6635cb1db",
    "data": [
      {
        "text": "check the sound volume",
        "userDefined": false
      }
    ],
    "isTemplate": false,
    "count": 0,
    "updated": 0
  },
  {
    "id": "f4adf9a5-62d0-4bc3-9739-ba7453a40156",
    "data": [
      {
        "text": "check ",
        "userDefined": false
      },
      {
        "text": "radio",
        "alias": "device",
        "meta": "@device-volume",
        "userDefined": true
      },
      {
        "text": " volume",
        "userDefined": false
      }
    ],
    "isTemplate": false,
    "count": 0,
    "updated": 0
  },
  {
    "id": "43051a5d-762f-4731-bf41-1568c50c0f46",
    "data": [
      {
        "text": "check ",
        "userDefined": false
      },
      {
        "text": "kitchen",
        "alias": "room",
        "meta": "@room",
        "userDefined": true
      },
      {
        "text": " ",
        "userDefined": false
      },
      {
        "text": "radio",
        "alias": "device",
        "meta": "@device-volume",
        "userDefined": true
      },
      {
        "text": " volume",
        "userDefined": false
      }
    ],
    "isTemplate": false,
    "count": 0,
    "updated": 0
  },
  {
    "id": "f7b0c1bb-bbf2-4e19-8fa2-524fcce7bbfa",
    "data": [
      {
        "text": "what is the volume",
        "userDefined": false
      }
    ],
    "isTemplate": false,
    "count": 0,
    "updated": 0
  }
]