[
  {
    "id": "e3dc4d81-3d8e-4ad0-b55e-04967744ccd7",
    "data": [
      {
        "text": "TV",
        "alias": "device",
        "meta": "@device-volume",
        "userDefined": true
      },
      {
        "text": " is so ",
        "userDefined": false
      },
      {
        "text": "loud",
        "meta": "@sys.ignore",
        "userDefined": false
      },
      {
        "text": " ",
        "userDefined": false
      },
      {
        "text": "in",
        "meta": "@sys.ignore",
        "userDefined": false
      },
      {
        "text": " ",
        "userDefined": false
      },
      {
        "text": "kitchen",
        "alias": "room",
        "meta": "@room",
        "userDefined": true
      }
    ],
    "isTemplate": false,
    "count": 0,
    "updated": 0
  },
  {
    "id": "daa7de3c-c961-4259-853b-f9e2019ee431",
    "data": [
      {
        "text": "TV",
        "alias": "device",
        "meta": "@device-volume",
        "userDefined": true
      },
      {
        "text": " volume is too ",
        "userDefined": false
      },
      {
        "text": "loud",
        "meta": "@sys.ignore",
        "userDefined": false
      },
      {
        "text": " ",
        "userDefined": false
      },
      {
        "text": "everywhere",
        "alias": "all",
        "meta": "@all",
        "userDefined": false
      }
    ],
    "isTemplate": false,
    "count": 0,
    "updated": 0
  },
  {
    "id": "247cf39e-0e11-489d-8695-cff22f2c1feb",
    "data": [
      {
        "text": "the ",
        "userDefined": false
      },
      {
        "text": "speakers",
        "alias": "device",
        "meta": "@device-volume",
        "userDefined": true
      },
      {
        "text": " volume is too ",
        "userDefined": false
      },
      {
        "text": "loud",
        "meta": "@sys.ignore",
        "userDefined": false
      }
    ],
    "isTemplate": false,
    "count": 0,
    "updated": 0
  }
]