[
  {
    "id": "a0431647-60c6-46ca-90c4-7bcb8bc76104",
    "data": [
      {
        "text": "is the ",
        "userDefined": false
      },
      {
        "text": "front door",
        "alias": "lock",
        "meta": "@lock",
        "userDefined": true
      },
      {
        "text": " unlocked",
        "userDefined": false
      }
    ],
    "isTemplate": false,
    "count": 0,
    "updated": 0
  },
  {
    "id": "39fc30ec-2649-428e-9cd2-8d8d89050119",
    "data": [
      {
        "text": "did I unlock the ",
        "userDefined": false
      },
      {
        "text": "front door",
        "alias": "lock",
        "meta": "@lock",
        "userDefined": true
      }
    ],
    "isTemplate": false,
    "count": 0,
    "updated": 0
  },
  {
    "id": "2437d627-eeb4-4de4-b3ab-4aa844a9b6eb",
    "data": [
      {
        "text": "are",
        "meta": "@sys.ignore",
        "userDefined": true
      },
      {
        "text": " ",
        "userDefined": false
      },
      {
        "text": "all",
        "alias": "all",
        "meta": "@all",
        "userDefined": true
      },
      {
        "text": " the ",
        "userDefined": false
      },
      {
        "text": "doors",
        "alias": "lock",
        "meta": "@lock",
        "userDefined": true
      },
      {
        "text": " unlocked",
        "userDefined": false
      }
    ],
    "isTemplate": false,
    "count": 0,
    "updated": 0
  },
  {
    "id": "650dfade-90cc-455f-878f-b1c23c7e6d11",
    "data": [
      {
        "text": "did I unlocked ",
        "userDefined": false
      },
      {
        "text": "door",
        "alias": "lock",
        "meta": "@lock",
        "userDefined": true
      },
      {
        "text": " ",
        "userDefined": false
      },
      {
        "text": "everywhere",
        "alias": "all",
        "meta": "@all",
        "userDefined": true
      }
    ],
    "isTemplate": false,
    "count": 0,
    "updated": 0
  },
  {
    "id": "ac4e75ef-b8f9-48c1-be7c-1b29500f1d08",
    "data": [
      {
        "text": "did I unlocked the ",
        "userDefined": false
      },
      {
        "text": "door",
        "alias": "lock",
        "meta": "@lock",
        "userDefined": true
      },
      {
        "text": " in the ",
        "userDefined": false
      },
      {
        "text": "kitchen",
        "alias": "room",
        "meta": "@room",
        "userDefined": true
      }
    ],
    "isTemplate": false,
    "count": 0,
    "updated": 0
  },
  {
    "id": "db9f8b66-d972-42f9-99f2-6b842e2faa61",
    "data": [
      {
        "text": "are",
        "meta": "@sys.ignore",
        "userDefined": true
      },
      {
        "text": " ",
        "userDefined": false
      },
      {
        "text": "kitchen",
        "alias": "room",
        "meta": "@room",
        "userDefined": true
      },
      {
        "text": " ",
        "userDefined": false
      },
      {
        "text": "doors",
        "alias": "lock",
        "meta": "@lock",
        "userDefined": true
      },
      {
        "text": " unlocked",
        "userDefined": false
      }
    ],
    "isTemplate": false,
    "count": 0,
    "updated": 0
  },
  {
    "id": "c9320618-762e-4ccb-8c99-db679944e09b",
    "data": [
      {
        "text": "is ",
        "userDefined": false
      },
      {
        "text": "garage",
        "alias": "room",
        "meta": "@room",
        "userDefined": false
      },
      {
        "text": " unlock",
        "userDefined": false
      }
    ],
    "isTemplate": false,
    "count": 0,
    "updated": 0
  },
  {
    "id": "74e3c40d-1d68-47f6-9c95-af9eaa26bace",
    "data": [
      {
        "text": "is ",
        "userDefined": false
      },
      {
        "text": "garage",
        "alias": "room",
        "meta": "@room",
        "userDefined": false
      },
      {
        "text": " unlocked",
        "userDefined": false
      }
    ],
    "isTemplate": false,
    "count": 0,
    "updated": 0
  }
]