[
  {
    "id": "7410aa6d-9e32-4e66-84ba-2e7a3334afe1",
    "data": [
      {
        "text": "turn off ",
        "userDefined": false
      },
      {
        "text": "coffee pot",
        "alias": "device",
        "meta": "@device",
        "userDefined": false
      },
      {
        "text": " in the ",
        "userDefined": false
      },
      {
        "text": "kitchen",
        "alias": "room",
        "meta": "@room",
        "userDefined": false
      }
    ],
    "isTemplate": false,
    "count": 0,
    "updated": 0
  },
  {
    "id": "f7afa699-70ed-47cf-a377-03a1cfe048e8",
    "data": [
      {
        "text": "it\u0027s boiling here turn the ",
        "userDefined": false
      },
      {
        "text": "heater",
        "alias": "device",
        "meta": "@device",
        "userDefined": true
      },
      {
        "text": " off",
        "userDefined": false
      }
    ],
    "isTemplate": false,
    "count": 0,
    "updated": 0
  },
  {
    "id": "d666134d-397c-4bf4-a147-1cd0abf14b6e",
    "data": [
      {
        "text": "heating",
        "alias": "device",
        "meta": "@device",
        "userDefined": false
      },
      {
        "text": " off",
        "userDefined": false
      }
    ],
    "isTemplate": false,
    "count": 1,
    "updated": 0
  },
  {
    "id": "fc817950-8309-4e3f-b6d7-78df18f14cbf",
    "data": [
      {
        "text": "can you turn off ",
        "userDefined": false
      },
      {
        "text": "water cooker",
        "alias": "device",
        "meta": "@device",
        "userDefined": false
      },
      {
        "text": " in the ",
        "userDefined": false
      },
      {
        "text": "kitchen",
        "alias": "room",
        "meta": "@room",
        "userDefined": false
      }
    ],
    "isTemplate": false,
    "count": 1,
    "updated": 0
  },
  {
    "id": "737eb36d-7988-46a9-acc5-a1f0fa15ca47",
    "data": [
      {
        "text": "turn ",
        "userDefined": false
      },
      {
        "text": "off",
        "meta": "@sys.ignore",
        "userDefined": true
      },
      {
        "text": " ",
        "userDefined": false
      },
      {
        "text": "coffee pot",
        "alias": "device",
        "meta": "@device",
        "userDefined": true
      }
    ],
    "isTemplate": false,
    "count": 0,
    "updated": 0
  },
  {
    "id": "7c475a0f-e855-420e-b69e-3f388d0f7deb",
    "data": [
      {
        "text": "turn the device off",
        "userDefined": false
      }
    ],
    "isTemplate": false,
    "count": 0,
    "updated": 0
  },
  {
    "id": "35f0ceb5-f225-40d1-8b60-7dfb5c405c2c",
    "data": [
      {
        "text": "I feel hot turn the ",
        "userDefined": false
      },
      {
        "text": "heating",
        "alias": "device",
        "meta": "@device",
        "userDefined": false
      },
      {
        "text": " off",
        "userDefined": false
      }
    ],
    "isTemplate": false,
    "count": 1,
    "updated": 0
  },
  {
    "id": "e62c2315-df8d-4688-8d0b-9fa1801e5230",
    "data": [
      {
        "text": "turn off ",
        "userDefined": false
      },
      {
        "text": "all",
        "alias": "all",
        "meta": "@all",
        "userDefined": false
      },
      {
        "text": " ",
        "userDefined": false
      },
      {
        "text": "things",
        "meta": "@sys.ignore",
        "userDefined": false
      }
    ],
    "isTemplate": false,
    "count": 0,
    "updated": 0
  },
  {
    "id": "85638087-350e-4a4b-b65d-3ffb467bb7be",
    "data": [
      {
        "text": "turn off ",
        "userDefined": false
      },
      {
        "text": "water heater",
        "alias": "device",
        "meta": "@device",
        "userDefined": false
      },
      {
        "text": " in the ",
        "userDefined": false
      },
      {
        "text": "front room",
        "alias": "room",
        "meta": "@room",
        "userDefined": false
      }
    ],
    "isTemplate": false,
    "count": 0,
    "updated": 0
  },
  {
    "id": "ea8777bf-ad7e-4b60-a908-8b65f16a4d74",
    "data": [
      {
        "text": "turn off the ",
        "userDefined": false
      },
      {
        "text": "heating",
        "alias": "device",
        "meta": "@device",
        "userDefined": false
      }
    ],
    "isTemplate": false,
    "count": 0,
    "updated": 0
  },
  {
    "id": "ee6d3b74-31a3-4a58-82e1-6d31f5d5b3a7",
    "data": [
      {
        "text": "can you turn off ",
        "userDefined": false
      },
      {
        "text": "computer",
        "alias": "device",
        "meta": "@device",
        "userDefined": false
      },
      {
        "text": " for me",
        "userDefined": false
      }
    ],
    "isTemplate": false,
    "count": 0,
    "updated": 0
  },
  {
    "id": "48605b24-9320-470f-9ef5-418a3add0169",
    "data": [
      {
        "text": "can you turn off ",
        "userDefined": false
      },
      {
        "text": "water cooker",
        "alias": "device",
        "meta": "@device",
        "userDefined": false
      }
    ],
    "isTemplate": false,
    "count": 0,
    "updated": 0
  },
  {
    "id": "723a0ce5-9a11-4f4f-9da5-ea7e3418f495",
    "data": [
      {
        "text": "turn my device off for me",
        "userDefined": false
      }
    ],
    "isTemplate": false,
    "count": 0,
    "updated": 0
  },
  {
    "id": "c66fca84-2663-41a4-bbc6-6704eb2bdf8b",
    "data": [
      {
        "text": "can you turn off ",
        "userDefined": false
      },
      {
        "text": "refrigerator",
        "alias": "device",
        "meta": "@device",
        "userDefined": false
      },
      {
        "text": " for me please",
        "userDefined": false
      }
    ],
    "isTemplate": false,
    "count": 0,
    "updated": 0
  },
  {
    "id": "a5818be6-61d0-4693-98c9-f04cf98083ac",
    "data": [
      {
        "text": "please turn off appliance",
        "userDefined": false
      }
    ],
    "isTemplate": false,
    "count": 0,
    "updated": 0
  },
  {
    "id": "db513b14-2154-4896-91c4-52d982921e54",
    "data": [
      {
        "text": "I want to turn off device",
        "userDefined": false
      }
    ],
    "isTemplate": false,
    "count": 0,
    "updated": 0
  },
  {
    "id": "6ea887c4-654a-4761-9c9d-ac820d25a3a3",
    "data": [
      {
        "text": "turn off ",
        "userDefined": false
      },
      {
        "text": "everything",
        "alias": "all",
        "meta": "@all",
        "userDefined": true
      }
    ],
    "isTemplate": false,
    "count": 1,
    "updated": 0
  },
  {
    "id": "52bd9d4b-d7f1-42f9-80c0-99f49ba4fb25",
    "data": [
      {
        "text": "can you turn off ",
        "userDefined": false
      },
      {
        "text": "washing machine",
        "alias": "device",
        "meta": "@device",
        "userDefined": false
      },
      {
        "text": " for me please",
        "userDefined": false
      }
    ],
    "isTemplate": false,
    "count": 0,
    "updated": 0
  },
  {
    "id": "91e71aa6-c0e7-49e4-b9af-7e751301e8aa",
    "data": [
      {
        "text": "can you turn off ",
        "userDefined": false
      },
      {
        "text": "water heater",
        "alias": "device",
        "meta": "@device",
        "userDefined": false
      },
      {
        "text": " for me please",
        "userDefined": false
      }
    ],
    "isTemplate": false,
    "count": 0,
    "updated": 0
  },
  {
    "id": "ff1fff19-70fa-43e5-84e5-35025fec1555",
    "data": [
      {
        "text": "turn off device",
        "userDefined": false
      }
    ],
    "isTemplate": false,
    "count": 0,
    "updated": 0
  },
  {
    "id": "58077c93-c831-443f-8d98-7dffe01b8384",
    "data": [
      {
        "text": "turn off ",
        "userDefined": false
      },
      {
        "text": "video",
        "alias": "device",
        "meta": "@device",
        "userDefined": false
      }
    ],
    "isTemplate": false,
    "count": 0,
    "updated": 0
  },
  {
    "id": "2d1cc639-cdc8-454d-ae2e-7aeebfc5dbb9",
    "data": [
      {
        "text": "you should turn the device off",
        "userDefined": false
      }
    ],
    "isTemplate": false,
    "count": 0,
    "updated": 0
  },
  {
    "id": "c2e2e074-fe18-4629-b07b-8a8069643c39",
    "data": [
      {
        "text": "can you turn off ",
        "userDefined": false
      },
      {
        "text": "washing machine",
        "alias": "device",
        "meta": "@device",
        "userDefined": false
      },
      {
        "text": " in the ",
        "userDefined": false
      },
      {
        "text": "kitchen",
        "alias": "room",
        "meta": "@room",
        "userDefined": false
      }
    ],
    "isTemplate": false,
    "count": 0,
    "updated": 0
  },
  {
    "id": "62bd58e5-5c02-4a9e-9160-3561297ca25b",
    "data": [
      {
        "text": "turn off ",
        "userDefined": false
      },
      {
        "text": "all",
        "alias": "all",
        "meta": "@all",
        "userDefined": false
      },
      {
        "text": " devices",
        "userDefined": false
      }
    ],
    "isTemplate": false,
    "count": 0,
    "updated": 0
  },
  {
    "id": "58c6b75a-00fa-4735-8f15-6d5859006fad",
    "data": [
      {
        "text": "turn off ",
        "userDefined": false
      },
      {
        "text": "computer",
        "alias": "device",
        "meta": "@device",
        "userDefined": false
      }
    ],
    "isTemplate": false,
    "count": 0,
    "updated": 0
  },
  {
    "id": "43cb40a7-803a-455c-9047-ae06b99c4a47",
    "data": [
      {
        "text": "turn the device off for me",
        "userDefined": false
      }
    ],
    "isTemplate": false,
    "count": 0,
    "updated": 0
  },
  {
    "id": "4e2b05b0-f8f3-434d-ace2-87daa017d64c",
    "data": [
      {
        "text": "turn off ",
        "userDefined": false
      },
      {
        "text": "heating",
        "alias": "device",
        "meta": "@device",
        "userDefined": false
      },
      {
        "text": " in the ",
        "userDefined": false
      },
      {
        "text": "kitchen",
        "alias": "room",
        "meta": "@room",
        "userDefined": false
      }
    ],
    "isTemplate": false,
    "count": 1,
    "updated": 0
  },
  {
    "id": "c9995d80-d75c-4b56-8ae4-84310bc879ae",
    "data": [
      {
        "text": "turn off my ",
        "userDefined": false
      },
      {
        "text": "computer",
        "alias": "device",
        "meta": "@device",
        "userDefined": false
      }
    ],
    "isTemplate": false,
    "count": 1,
    "updated": 0
  },
  {
    "id": "9e2be498-f0a0-4252-a57e-8ae5e355c492",
    "data": [
      {
        "text": "turn off the ",
        "userDefined": false
      },
      {
        "text": "heating",
        "alias": "device",
        "meta": "@device",
        "userDefined": false
      },
      {
        "text": " in the ",
        "userDefined": false
      },
      {
        "text": "bathroom",
        "alias": "room",
        "meta": "@room",
        "userDefined": false
      }
    ],
    "isTemplate": false,
    "count": 0,
    "updated": 0
  },
  {
    "id": "857f3b4e-4402-4877-adde-f520226064e9",
    "data": [
      {
        "text": "can you turn off ",
        "userDefined": false
      },
      {
        "text": "heating",
        "alias": "device",
        "meta": "@device",
        "userDefined": false
      },
      {
        "text": " for me please",
        "userDefined": false
      }
    ],
    "isTemplate": false,
    "count": 0,
    "updated": 0
  },
  {
    "id": "4a74c685-8041-4f11-945a-acee08794831",
    "data": [
      {
        "text": "can you turn off ",
        "userDefined": false
      },
      {
        "text": "water cooker",
        "alias": "device",
        "meta": "@device",
        "userDefined": false
      },
      {
        "text": " for me please",
        "userDefined": false
      }
    ],
    "isTemplate": false,
    "count": 0,
    "updated": 0
  },
  {
    "id": "d679cfce-2e75-4827-a96b-468462b083b6",
    "data": [
      {
        "text": "turn off appliance for me",
        "userDefined": false
      }
    ],
    "isTemplate": false,
    "count": 0,
    "updated": 0
  },
  {
    "id": "73870ac3-007a-4636-927e-07150f5d1951",
    "data": [
      {
        "text": "turn off device please",
        "userDefined": false
      }
    ],
    "isTemplate": false,
    "count": 0,
    "updated": 0
  },
  {
    "id": "76c4d0c2-bf9c-421d-ac09-6e8378db29e4",
    "data": [
      {
        "text": "I need you to turn off appliance",
        "userDefined": false
      }
    ],
    "isTemplate": false,
    "count": 0,
    "updated": 0
  },
  {
    "id": "5390cb2e-f49e-4ea2-880d-0e7d20294578",
    "data": [
      {
        "text": "turn off ",
        "userDefined": false
      },
      {
        "text": "heating",
        "alias": "device",
        "meta": "@device",
        "userDefined": false
      },
      {
        "text": " in the ",
        "userDefined": false
      },
      {
        "text": "common room",
        "alias": "room",
        "meta": "@room",
        "userDefined": false
      }
    ],
    "isTemplate": false,
    "count": 0,
    "updated": 0
  },
  {
    "id": "6945b170-8851-40d7-88d8-f3db528c0f7e",
    "data": [
      {
        "text": "can you turn off ",
        "userDefined": false
      },
      {
        "text": "water heater",
        "alias": "device",
        "meta": "@device",
        "userDefined": false
      },
      {
        "text": " in the ",
        "userDefined": false
      },
      {
        "text": "kitchen",
        "alias": "room",
        "meta": "@room",
        "userDefined": false
      }
    ],
    "isTemplate": false,
    "count": 0,
    "updated": 0
  },
  {
    "id": "f5c7dd52-3d8d-4d4d-a4cb-96738a61a75b",
    "data": [
      {
        "text": "turn off the ",
        "userDefined": false
      },
      {
        "text": "TV",
        "alias": "device",
        "meta": "@device",
        "userDefined": false
      },
      {
        "text": " please",
        "userDefined": false
      }
    ],
    "isTemplate": false,
    "count": 0,
    "updated": 0
  },
  {
    "id": "24d8a63a-5b1e-4922-8741-82b903b70ded",
    "data": [
      {
        "text": "turn off my ",
        "userDefined": false
      },
      {
        "text": "TV",
        "alias": "device",
        "meta": "@device",
        "userDefined": false
      }
    ],
    "isTemplate": false,
    "count": 1,
    "updated": 0
  },
  {
    "id": "c5cd9d2d-1df4-4d81-aa80-9c1120db299d",
    "data": [
      {
        "text": "turn off ",
        "userDefined": false
      },
      {
        "text": "PC",
        "alias": "device",
        "meta": "@device",
        "userDefined": false
      }
    ],
    "isTemplate": false,
    "count": 0,
    "updated": 0
  },
  {
    "id": "3bd32757-b1c4-4f06-9c6b-3c54505e6fc3",
    "data": [
      {
        "text": "turn off the ",
        "userDefined": false
      },
      {
        "text": "TV",
        "alias": "device",
        "meta": "@device",
        "userDefined": false
      },
      {
        "text": " in the ",
        "userDefined": false
      },
      {
        "text": "kitchen",
        "alias": "room",
        "meta": "@room",
        "userDefined": false
      },
      {
        "text": " please",
        "userDefined": false
      }
    ],
    "isTemplate": false,
    "count": 0,
    "updated": 0
  },
  {
    "id": "141c14d3-6d6b-4214-a6eb-8c4f7bada2c0",
    "data": [
      {
        "text": "can you turn off ",
        "userDefined": false
      },
      {
        "text": "microwave",
        "alias": "device",
        "meta": "@device",
        "userDefined": false
      },
      {
        "text": " for me please",
        "userDefined": false
      }
    ],
    "isTemplate": false,
    "count": 0,
    "updated": 0
  },
  {
    "id": "19a23d96-dae8-45fd-8496-42d7fa24bb98",
    "data": [
      {
        "text": "turn my device off",
        "userDefined": false
      }
    ],
    "isTemplate": false,
    "count": 0,
    "updated": 0
  },
  {
    "id": "6c2e6b4e-7391-4617-86c7-74393043a79e",
    "data": [
      {
        "text": "turn off ",
        "userDefined": false
      },
      {
        "text": "outlets",
        "alias": "device",
        "meta": "@device",
        "userDefined": false
      },
      {
        "text": " in ",
        "userDefined": false
      },
      {
        "text": "bathroom",
        "alias": "room",
        "meta": "@room",
        "userDefined": false
      }
    ],
    "isTemplate": false,
    "count": 0,
    "updated": 0
  },
  {
    "id": "a2e6d5ee-0383-4de7-9c97-f59916ff3956",
    "data": [
      {
        "text": "can you please turn off ",
        "userDefined": false
      },
      {
        "text": "coffee machine",
        "alias": "device",
        "meta": "@device",
        "userDefined": false
      },
      {
        "text": " for me",
        "userDefined": false
      }
    ],
    "isTemplate": false,
    "count": 0,
    "updated": 0
  },
  {
    "id": "b16ad69c-24eb-41f2-8f4d-d8cbef97ed24",
    "data": [
      {
        "text": "turn ",
        "userDefined": false
      },
      {
        "text": "off",
        "meta": "@sys.ignore",
        "userDefined": true
      },
      {
        "text": " ",
        "userDefined": false
      },
      {
        "text": "TV",
        "alias": "device",
        "meta": "@device",
        "userDefined": true
      },
      {
        "text": " in the ",
        "userDefined": false
      },
      {
        "text": "kitchen",
        "alias": "room",
        "meta": "@room",
        "userDefined": true
      }
    ],
    "isTemplate": false,
    "count": 0,
    "updated": 0
  },
  {
    "id": "fa9d5393-64bf-4e48-81df-1888733dbe31",
    "data": [
      {
        "text": "switch the device off",
        "userDefined": false
      }
    ],
    "isTemplate": false,
    "count": 0,
    "updated": 0
  },
  {
    "id": "7d942c1c-1d63-48ca-a596-3c89ab0982a7",
    "data": [
      {
        "text": "turn the appliance off for me",
        "userDefined": false
      }
    ],
    "isTemplate": false,
    "count": 0,
    "updated": 0
  },
  {
    "id": "2c189fdd-e2ce-4cd9-b7d6-3b906a0fb694",
    "data": [
      {
        "text": "can you turn off device",
        "userDefined": false
      }
    ],
    "isTemplate": false,
    "count": 0,
    "updated": 0
  },
  {
    "id": "6a134533-8c5e-4e58-a53e-446d74c70643",
    "data": [
      {
        "text": "I need you to turn off device",
        "userDefined": false
      }
    ],
    "isTemplate": false,
    "count": 0,
    "updated": 0
  },
  {
    "id": "68d92cbb-d192-4f6e-87a9-c53c0f1dab3d",
    "data": [
      {
        "text": "turn off appliance please",
        "userDefined": false
      }
    ],
    "isTemplate": false,
    "count": 0,
    "updated": 0
  },
  {
    "id": "a480d6e2-f1eb-482a-b5c8-9e20e5c8c24c",
    "data": [
      {
        "text": "turn off ",
        "userDefined": false
      },
      {
        "text": "heating",
        "alias": "device",
        "meta": "@device",
        "userDefined": false
      },
      {
        "text": " in the ",
        "userDefined": false
      },
      {
        "text": "family room",
        "alias": "room",
        "meta": "@room",
        "userDefined": false
      }
    ],
    "isTemplate": false,
    "count": 0,
    "updated": 0
  },
  {
    "id": "e8556e51-18e2-46d5-9ed4-716aa85a48fe",
    "data": [
      {
        "text": "turn off ",
        "userDefined": false
      },
      {
        "text": "heating",
        "alias": "device",
        "meta": "@device",
        "userDefined": false
      },
      {
        "text": " in the ",
        "userDefined": false
      },
      {
        "text": "dressing room",
        "alias": "room",
        "meta": "@room",
        "userDefined": false
      }
    ],
    "isTemplate": false,
    "count": 0,
    "updated": 0
  },
  {
    "id": "5314945e-410d-4f28-8ade-32f3cbd57031",
    "data": [
      {
        "text": "you should turn my device off",
        "userDefined": false
      }
    ],
    "isTemplate": false,
    "count": 0,
    "updated": 0
  },
  {
    "id": "7b3f99a0-205a-40f4-b6c7-e38ee08f36f8",
    "data": [
      {
        "text": "turn off the ",
        "userDefined": false
      },
      {
        "text": "video player",
        "alias": "device",
        "meta": "@device",
        "userDefined": false
      }
    ],
    "isTemplate": false,
    "count": 1,
    "updated": 0
  },
  {
    "id": "ecb1f089-469e-458a-801d-0602d0ef9326",
    "data": [
      {
        "text": "please turn off device",
        "userDefined": false
      }
    ],
    "isTemplate": false,
    "count": 0,
    "updated": 0
  },
  {
    "id": "e82ac644-832c-4492-b180-ff1e2ced4bc8",
    "data": [
      {
        "text": "can you turn off ",
        "userDefined": false
      },
      {
        "text": "humidifier",
        "alias": "device",
        "meta": "@device",
        "userDefined": false
      },
      {
        "text": " for me please",
        "userDefined": false
      }
    ],
    "isTemplate": false,
    "count": 0,
    "updated": 0
  },
  {
    "id": "c83f057d-e94b-4fd8-9d85-245f39d68b69",
    "data": [
      {
        "text": "can you turn off ",
        "userDefined": false
      },
      {
        "text": "air conditioner",
        "alias": "device",
        "meta": "@device",
        "userDefined": false
      },
      {
        "text": " for me please",
        "userDefined": false
      }
    ],
    "isTemplate": false,
    "count": 0,
    "updated": 0
  },
  {
    "id": "1ab2fb1e-6a55-48da-b177-00ce7878ee55",
    "data": [
      {
        "text": "turn off ",
        "userDefined": false
      },
      {
        "text": "heating",
        "alias": "device",
        "meta": "@device",
        "userDefined": false
      },
      {
        "text": " in the ",
        "userDefined": false
      },
      {
        "text": "cloakroom",
        "alias": "room",
        "meta": "@room",
        "userDefined": false
      }
    ],
    "isTemplate": false,
    "count": 0,
    "updated": 0
  },
  {
    "id": "4153d2a3-4b4e-4d80-b50b-dad032c2c0bf",
    "data": [
      {
        "text": "TV",
        "alias": "device",
        "meta": "@device",
        "userDefined": true
      },
      {
        "text": " ",
        "userDefined": false
      },
      {
        "text": "off",
        "meta": "@sys.ignore",
        "userDefined": true
      }
    ],
    "isTemplate": false,
    "count": 0,
    "updated": 0
  },
  {
    "id": "8755ad78-43d7-4788-b7c8-f23922b4acc6",
    "data": [
      {
        "text": "can you turn off ",
        "userDefined": false
      },
      {
        "text": "water heater",
        "alias": "device",
        "meta": "@device",
        "userDefined": false
      }
    ],
    "isTemplate": false,
    "count": 0,
    "updated": 0
  },
  {
    "id": "72447908-0896-496b-883d-710f933938f7",
    "data": [
      {
        "text": "can you turn off ",
        "userDefined": false
      },
      {
        "text": "washing machine",
        "alias": "device",
        "meta": "@device",
        "userDefined": false
      }
    ],
    "isTemplate": false,
    "count": 0,
    "updated": 0
  },
  {
    "id": "f9e14cf1-eeb8-477f-9a2b-e89c3e5a2799",
    "data": [
      {
        "text": "turn off",
        "meta": "@sys.ignore",
        "userDefined": true
      },
      {
        "text": " ",
        "userDefined": false
      },
      {
        "text": "air conditioning",
        "alias": "device",
        "meta": "@device",
        "userDefined": true
      }
    ],
    "isTemplate": false,
    "count": 0,
    "updated": 0
  },
  {
    "id": "57fc92d5-be61-4825-a17d-38fd77b90d07",
    "data": [
      {
        "text": "can you turn off ",
        "userDefined": false
      },
      {
        "text": "video player",
        "alias": "device",
        "meta": "@device",
        "userDefined": false
      },
      {
        "text": " for me please",
        "userDefined": false
      }
    ],
    "isTemplate": false,
    "count": 0,
    "updated": 0
  },
  {
    "id": "caeaf061-e134-4457-a13d-87bbba6bcc07",
    "data": [
      {
        "text": "turn off device for me",
        "userDefined": false
      }
    ],
    "isTemplate": false,
    "count": 0,
    "updated": 0
  },
  {
    "id": "908e8576-1cfb-4adb-96cb-1bc8b9ebeda8",
    "data": [
      {
        "text": "turn off ",
        "userDefined": false
      },
      {
        "text": "pump circuit",
        "alias": "device",
        "meta": "@device",
        "userDefined": false
      }
    ],
    "isTemplate": false,
    "count": 0,
    "updated": 0
  },
  {
    "id": "b093312e-88f8-46ca-8d64-04fee0a33e63",
    "data": [
      {
        "text": "turn off ",
        "userDefined": false
      },
      {
        "text": "coffee machine",
        "alias": "device",
        "meta": "@device",
        "userDefined": false
      }
    ],
    "isTemplate": false,
    "count": 0,
    "updated": 0
  },
  {
    "id": "d6dce30f-ecd2-42c7-85c9-d4df92319ec4",
    "data": [
      {
        "text": "please turn off my device",
        "userDefined": false
      }
    ],
    "isTemplate": false,
    "count": 0,
    "updated": 0
  },
  {
    "id": "5dfabb84-4035-4593-8873-b35d61c3d69b",
    "data": [
      {
        "text": "turn off ",
        "userDefined": false
      },
      {
        "text": "gas",
        "alias": "device",
        "meta": "@device",
        "userDefined": false
      }
    ],
    "isTemplate": false,
    "count": 0,
    "updated": 0
  },
  {
    "id": "39be5736-555e-4593-b1f8-ccd83b3f4c09",
    "data": [
      {
        "text": "can you turn off appliance",
        "userDefined": false
      }
    ],
    "isTemplate": false,
    "count": 0,
    "updated": 0
  },
  {
    "id": "1770b0d1-0a60-448c-940e-427161a898ec",
    "data": [
      {
        "text": "you should turn the appliance off",
        "userDefined": false
      }
    ],
    "isTemplate": false,
    "count": 0,
    "updated": 0
  },
  {
    "id": "64c78f25-572a-4b13-87bc-90b2f2c48032",
    "data": [
      {
        "text": "turn off appliance",
        "userDefined": false
      }
    ],
    "isTemplate": false,
    "count": 0,
    "updated": 0
  },
  {
    "id": "f673528d-160e-42cd-86d5-b048c9dc9d1f",
    "data": [
      {
        "text": "turn off the ",
        "userDefined": false
      },
      {
        "text": "washing machine",
        "alias": "device",
        "meta": "@device",
        "userDefined": false
      },
      {
        "text": " in the ",
        "userDefined": false
      },
      {
        "text": "kitchen",
        "alias": "room",
        "meta": "@room",
        "userDefined": false
      },
      {
        "text": " for me please",
        "userDefined": false
      }
    ],
    "isTemplate": false,
    "count": 0,
    "updated": 0
  },
  {
    "id": "e9d64ce5-2b2c-4999-8194-898619c4d40e",
    "data": [
      {
        "text": "can you turn off ",
        "userDefined": false
      },
      {
        "text": "TV",
        "alias": "device",
        "meta": "@device",
        "userDefined": false
      },
      {
        "text": " for me please",
        "userDefined": false
      }
    ],
    "isTemplate": false,
    "count": 0,
    "updated": 0
  },
  {
    "id": "0e1216a7-0d49-4608-8522-9f2e0b059920",
    "data": [
      {
        "text": "I want to turn off my device",
        "userDefined": false
      }
    ],
    "isTemplate": false,
    "count": 0,
    "updated": 0
  },
  {
    "id": "31018a25-a324-4f03-85fc-809c7e9d4c37",
    "data": [
      {
        "text": "switch off the device",
        "userDefined": false
      }
    ],
    "isTemplate": false,
    "count": 0,
    "updated": 0
  },
  {
    "id": "a95a2b97-a89f-496f-a9eb-95ed6bf4d719",
    "data": [
      {
        "text": "hey smart things turn off the ",
        "userDefined": false
      },
      {
        "text": "oven bulb",
        "alias": "device",
        "meta": "@device",
        "userDefined": false
      }
    ],
    "isTemplate": false,
    "count": 0,
    "updated": 0
  },
  {
    "id": "edba3b8c-9fa6-43d6-b53d-5e08885f9707",
    "data": [
      {
        "text": "turn off ",
        "userDefined": false
      },
      {
        "text": "all",
        "alias": "all",
        "meta": "@all",
        "userDefined": false
      },
      {
        "text": " appliances",
        "userDefined": false
      }
    ],
    "isTemplate": false,
    "count": 1,
    "updated": 0
  },
  {
    "id": "3f08e6b3-64ee-4a30-934f-737dba200f6f",
    "data": [
      {
        "text": "I need you to turn off my device",
        "userDefined": false
      }
    ],
    "isTemplate": false,
    "count": 0,
    "updated": 0
  },
  {
    "id": "e53148e2-c63a-4ebf-8755-afbc2111646d",
    "data": [
      {
        "text": "can you turn off my device",
        "userDefined": false
      }
    ],
    "isTemplate": false,
    "count": 0,
    "updated": 0
  },
  {
    "id": "7a26c0a9-7509-4662-bbc0-54f21f97f265",
    "data": [
      {
        "text": "can you turn off ",
        "userDefined": false
      },
      {
        "text": "dishwasher",
        "alias": "device",
        "meta": "@device",
        "userDefined": false
      },
      {
        "text": " in the ",
        "userDefined": false
      },
      {
        "text": "kitchen",
        "alias": "room",
        "meta": "@room",
        "userDefined": false
      }
    ],
    "isTemplate": false,
    "count": 0,
    "updated": 0
  },
  {
    "id": "15d9153c-e565-4738-a660-133b00707985",
    "data": [
      {
        "text": "can you turn off ",
        "userDefined": false
      },
      {
        "text": "video player",
        "alias": "device",
        "meta": "@device",
        "userDefined": false
      },
      {
        "text": " in the ",
        "userDefined": false
      },
      {
        "text": "kitchen",
        "alias": "room",
        "meta": "@room",
        "userDefined": false
      }
    ],
    "isTemplate": false,
    "count": 0,
    "updated": 0
  },
  {
    "id": "5cb0739b-5a7a-4594-9c00-e294300dd55a",
    "data": [
      {
        "text": "turn off ",
        "userDefined": false
      },
      {
        "text": "heating",
        "alias": "device",
        "meta": "@device",
        "userDefined": false
      },
      {
        "text": " in the ",
        "userDefined": false
      },
      {
        "text": "dining room",
        "alias": "room",
        "meta": "@room",
        "userDefined": false
      }
    ],
    "isTemplate": false,
    "count": 0,
    "updated": 0
  },
  {
    "id": "f63e618a-9979-43a9-86ac-448c9c9435b8",
    "data": [
      {
        "text": "turn off my ",
        "userDefined": false
      },
      {
        "text": "laptop",
        "alias": "device",
        "meta": "@device",
        "userDefined": false
      }
    ],
    "isTemplate": false,
    "count": 0,
    "updated": 0
  },
  {
    "id": "c8c95561-eeb9-4844-9920-4f30cefe61bc",
    "data": [
      {
        "text": "turn off the ",
        "userDefined": false
      },
      {
        "text": "air conditioning",
        "alias": "device",
        "meta": "@device",
        "userDefined": false
      },
      {
        "text": " in ",
        "userDefined": false
      },
      {
        "text": "bedroom",
        "alias": "room",
        "meta": "@room",
        "userDefined": false
      }
    ],
    "isTemplate": false,
    "count": 1,
    "updated": 0
  },
  {
    "id": "03c224e5-3b7b-41a0-8f51-6363e19381f0",
    "data": [
      {
        "text": "no more ",
        "userDefined": false
      },
      {
        "text": "heat",
        "alias": "device",
        "meta": "@device",
        "userDefined": false
      }
    ],
    "isTemplate": false,
    "count": 0,
    "updated": 0
  },
  {
    "id": "3b768f58-3de5-4e81-97ec-907033ee6f70",
    "data": [
      {
        "text": "turn off ",
        "userDefined": false
      },
      {
        "text": "heating",
        "alias": "device",
        "meta": "@device",
        "userDefined": false
      },
      {
        "text": " in the ",
        "userDefined": false
      },
      {
        "text": "conference room",
        "alias": "room",
        "meta": "@room",
        "userDefined": false
      }
    ],
    "isTemplate": false,
    "count": 0,
    "updated": 0
  },
  {
    "id": "4c137c3f-639b-40cd-9c2a-97ab26eb839d",
    "data": [
      {
        "text": "can you turn off ",
        "userDefined": false
      },
      {
        "text": "video player",
        "alias": "device",
        "meta": "@device",
        "userDefined": false
      }
    ],
    "isTemplate": false,
    "count": 0,
    "updated": 0
  },
  {
    "id": "6e9b1960-6d75-41c0-874c-4c0288620249",
    "data": [
      {
        "text": "turn off the ",
        "userDefined": false
      },
      {
        "text": "TV",
        "alias": "device",
        "meta": "@device",
        "userDefined": false
      },
      {
        "text": " in ",
        "userDefined": false
      },
      {
        "text": "foyer",
        "alias": "room",
        "meta": "@room",
        "userDefined": false
      }
    ],
    "isTemplate": false,
    "count": 0,
    "updated": 0
  },
  {
    "id": "7d1221a0-d374-4f5e-bb74-d34e6ea17295",
    "data": [
      {
        "text": "turn off ",
        "userDefined": false
      },
      {
        "text": "air conditioner",
        "alias": "device",
        "meta": "@device",
        "userDefined": false
      }
    ],
    "isTemplate": false,
    "count": 0,
    "updated": 0
  },
  {
    "id": "75ef4339-1131-4e73-9e25-c5d098c77750",
    "data": [
      {
        "text": "turn the appliance off",
        "userDefined": false
      }
    ],
    "isTemplate": false,
    "count": 0,
    "updated": 0
  },
  {
    "id": "085801db-1d58-4237-a4d9-88ee97cfb503",
    "data": [
      {
        "text": "turn off my device please",
        "userDefined": false
      }
    ],
    "isTemplate": false,
    "count": 0,
    "updated": 0
  },
  {
    "id": "de257d17-c629-4d8b-a50f-7bc821eb320c",
    "data": [
      {
        "text": "turn ",
        "userDefined": false
      },
      {
        "text": "off",
        "meta": "@sys.ignore",
        "userDefined": true
      },
      {
        "text": " ",
        "userDefined": false
      },
      {
        "text": "TV",
        "alias": "device",
        "meta": "@device",
        "userDefined": true
      },
      {
        "text": " ",
        "userDefined": false
      },
      {
        "text": "everywhere",
        "alias": "all",
        "meta": "@all",
        "userDefined": true
      }
    ],
    "isTemplate": false,
    "count": 0,
    "updated": 0
  },
  {
    "id": "0f0a1010-3495-4983-bd8f-c236ebbd1435",
    "data": [
      {
        "text": "switch off the ",
        "userDefined": false
      },
      {
        "text": "heating",
        "alias": "device",
        "meta": "@device",
        "userDefined": false
      }
    ],
    "isTemplate": false,
    "count": 1,
    "updated": 0
  },
  {
    "id": "f1f92aa5-1df0-4f8b-bd61-0e9de243596c",
    "data": [
      {
        "text": "turn off my device for me",
        "userDefined": false
      }
    ],
    "isTemplate": false,
    "count": 0,
    "updated": 0
  },
  {
    "id": "f5568214-2806-4fb4-a316-fc9a5cf69390",
    "data": [
      {
        "text": "I want to turn off appliance",
        "userDefined": false
      }
    ],
    "isTemplate": false,
    "count": 0,
    "updated": 0
  }
]