[
  {
    "id": "e3506f21-ccd6-43ec-9ba4-bc0811206e0a",
    "data": [
      {
        "text": "check my ",
        "userDefined": false
      },
      {
        "text": "table lamp",
        "alias": "device",
        "meta": "@lights",
        "userDefined": true
      },
      {
        "text": " saturation",
        "userDefined": false
      }
    ],
    "isTemplate": false,
    "count": 0,
    "updated": 0
  },
  {
    "id": "b9f5f99e-d96c-4874-8987-f24a075b4a0b",
    "data": [
      {
        "text": "is the ",
        "userDefined": false
      },
      {
        "text": "green",
        "alias": "color",
        "meta": "@color",
        "userDefined": true
      },
      {
        "text": " ",
        "userDefined": false
      },
      {
        "text": "light",
        "meta": "@sys.ignore",
        "userDefined": true
      },
      {
        "text": " saturation ",
        "userDefined": false
      },
      {
        "text": "15",
        "alias": "value",
        "meta": "@sys.number",
        "userDefined": true
      },
      {
        "text": " points",
        "userDefined": false
      }
    ],
    "isTemplate": false,
    "count": 0,
    "updated": 0
  },
  {
    "id": "cb68734f-cb2d-43bd-8fae-8a5fcdcfc73c",
    "data": [
      {
        "text": "check ",
        "userDefined": false
      },
      {
        "text": "red",
        "alias": "color",
        "meta": "@color",
        "userDefined": true
      },
      {
        "text": " ",
        "userDefined": false
      },
      {
        "text": "lights",
        "meta": "@sys.ignore",
        "userDefined": true
      },
      {
        "text": " ",
        "userDefined": false
      },
      {
        "text": "in",
        "meta": "@sys.ignore",
        "userDefined": true
      },
      {
        "text": " the ",
        "userDefined": false
      },
      {
        "text": "kitchen",
        "alias": "room",
        "meta": "@room",
        "userDefined": true
      }
    ],
    "isTemplate": false,
    "count": 0,
    "updated": 0
  },
  {
    "id": "61283ddd-a46f-434f-bb13-f1a721ac639f",
    "data": [
      {
        "text": "check ",
        "userDefined": false
      },
      {
        "text": "lights",
        "meta": "@sys.ignore",
        "userDefined": true
      },
      {
        "text": " saturation",
        "userDefined": false
      }
    ],
    "isTemplate": false,
    "count": 0,
    "updated": 0
  },
  {
    "id": "6edc0b24-c151-4fb6-b480-35d83d467eaa",
    "data": [
      {
        "text": "what\u0027s the saturation",
        "userDefined": false
      }
    ],
    "isTemplate": false,
    "count": 0,
    "updated": 0
  },
  {
    "id": "9989771c-86ce-4f8b-ad19-54cf1b77982f",
    "data": [
      {
        "text": "what\u0027s the saturation ",
        "userDefined": false
      },
      {
        "text": "of",
        "meta": "@sys.ignore",
        "userDefined": true
      },
      {
        "text": " ",
        "userDefined": false
      },
      {
        "text": "kitchen",
        "alias": "room",
        "meta": "@room",
        "userDefined": true
      },
      {
        "text": " ",
        "userDefined": false
      },
      {
        "text": "lights",
        "meta": "@sys.ignore",
        "userDefined": true
      }
    ],
    "isTemplate": false,
    "count": 0,
    "updated": 0
  },
  {
    "id": "2d3ad277-58e1-4c4b-a6f3-8b0e6ba566e5",
    "data": [
      {
        "text": "is the ",
        "userDefined": false
      },
      {
        "text": "light",
        "meta": "@sys.ignore",
        "userDefined": true
      },
      {
        "text": " saturation ",
        "userDefined": false
      },
      {
        "text": "10",
        "alias": "value",
        "meta": "@sys.number",
        "userDefined": true
      },
      {
        "text": " points",
        "userDefined": false
      }
    ],
    "isTemplate": false,
    "count": 0,
    "updated": 0
  },
  {
    "id": "435ecdba-93f5-44f6-ad31-446171ce0650",
    "data": [
      {
        "text": "what is ",
        "userDefined": false
      },
      {
        "text": "lights",
        "meta": "@sys.ignore",
        "userDefined": true
      },
      {
        "text": " saturation",
        "userDefined": false
      }
    ],
    "isTemplate": false,
    "count": 0,
    "updated": 0
  },
  {
    "id": "fb15a2db-e0e3-40cd-b2ce-3f6fbe714768",
    "data": [
      {
        "text": "what\u0027s saturation ",
        "userDefined": false
      },
      {
        "text": "of",
        "meta": "@sys.ignore",
        "userDefined": true
      },
      {
        "text": " ",
        "userDefined": false
      },
      {
        "text": "bedroom",
        "alias": "room",
        "meta": "@room",
        "userDefined": true
      }
    ],
    "isTemplate": false,
    "count": 0,
    "updated": 0
  },
  {
    "id": "d916a00f-76de-4e28-a820-c5a333184e8b",
    "data": [
      {
        "text": "check the saturation ",
        "userDefined": false
      },
      {
        "text": "everywhere",
        "alias": "all",
        "meta": "@all",
        "userDefined": true
      }
    ],
    "isTemplate": false,
    "count": 0,
    "updated": 0
  },
  {
    "id": "2356fc6d-6528-4477-a239-ccc5174e8c29",
    "data": [
      {
        "text": "what saturation is",
        "userDefined": false
      }
    ],
    "isTemplate": false,
    "count": 0,
    "updated": 0
  },
  {
    "id": "fd5c9ad1-e5e7-4519-bcac-235efa527433",
    "data": [
      {
        "text": "what ",
        "userDefined": false
      },
      {
        "text": "about saturation",
        "meta": "@sys.ignore",
        "userDefined": true
      }
    ],
    "isTemplate": false,
    "count": 0,
    "updated": 0
  },
  {
    "id": "60afc26b-06e4-487e-a912-c3b4a2aa3033",
    "data": [
      {
        "text": "tell ",
        "userDefined": false
      },
      {
        "text": "about saturation",
        "meta": "@sys.ignore",
        "userDefined": false
      }
    ],
    "isTemplate": false,
    "count": 0,
    "updated": 0
  },
  {
    "id": "22bcfe20-2a10-4e2b-aee4-1b45a06da537",
    "data": [
      {
        "text": "what\u0027s the saturation of ",
        "userDefined": false
      },
      {
        "text": "lights",
        "meta": "@sys.ignore",
        "userDefined": false
      }
    ],
    "isTemplate": false,
    "count": 0,
    "updated": 0
  },
  {
    "id": "854a3a3a-1e33-4bf2-a8a1-171f24b74875",
    "data": [
      {
        "text": "what\u0027s the saturation of ",
        "userDefined": false
      },
      {
        "text": "lights",
        "meta": "@sys.ignore",
        "userDefined": false
      },
      {
        "text": " in ",
        "userDefined": false
      },
      {
        "text": "bedroom",
        "alias": "room",
        "meta": "@room",
        "userDefined": false
      }
    ],
    "isTemplate": false,
    "count": 0,
    "updated": 0
  },
  {
    "id": "2e948e3f-ae05-4c48-9ddb-6ba6f6e415c1",
    "data": [
      {
        "text": "is saturation of ",
        "userDefined": false
      },
      {
        "text": "lamp",
        "meta": "@sys.ignore",
        "userDefined": false
      },
      {
        "text": " ",
        "userDefined": false
      },
      {
        "text": "5",
        "alias": "value",
        "meta": "@sys.number",
        "userDefined": false
      },
      {
        "text": " points",
        "userDefined": false
      }
    ],
    "isTemplate": false,
    "count": 0,
    "updated": 0
  },
  {
    "id": "e5bda0e7-2669-4982-b1f2-2d54718bfc82",
    "data": [
      {
        "text": "is saturation of ",
        "userDefined": false
      },
      {
        "text": "lamp",
        "meta": "@sys.ignore",
        "userDefined": false
      },
      {
        "text": " in ",
        "userDefined": false
      },
      {
        "text": "bedroom",
        "alias": "room",
        "meta": "@room",
        "userDefined": false
      },
      {
        "text": " ",
        "userDefined": false
      },
      {
        "text": "5",
        "alias": "value",
        "meta": "@sys.number",
        "userDefined": false
      },
      {
        "text": " points",
        "userDefined": false
      }
    ],
    "isTemplate": false,
    "count": 0,
    "updated": 0
  }
]