[
  {
    "id": "130b609f-0ab5-4cfa-82e4-c781a7c5090d",
    "data": [
      {
        "text": "TV",
        "alias": "device-volume",
        "meta": "@device-volume",
        "userDefined": true
      },
      {
        "text": " volume is too ",
        "userDefined": false
      },
      {
        "text": "low",
        "meta": "@sys.ignore",
        "userDefined": false
      },
      {
        "text": " in ",
        "userDefined": false
      },
      {
        "text": "bedroom",
        "alias": "room",
        "meta": "@room",
        "userDefined": true
      }
    ],
    "isTemplate": false,
    "count": 0,
    "updated": 0
  },
  {
    "id": "b02b7b66-56e1-4cb3-a719-df3982e53b78",
    "data": [
      {
        "text": "TV",
        "alias": "device-volume",
        "meta": "@device-volume",
        "userDefined": true
      },
      {
        "text": " volume is too ",
        "userDefined": false
      },
      {
        "text": "low",
        "meta": "@sys.ignore",
        "userDefined": false
      }
    ],
    "isTemplate": false,
    "count": 0,
    "updated": 0
  }
]