[
  {
    "id": "4d3af888-527e-498d-a8b9-807f7197527a",
    "data": [
      {
        "text": "turn down the ",
        "userDefined": false
      },
      {
        "text": "TV",
        "alias": "device",
        "meta": "@device",
        "userDefined": true
      },
      {
        "text": " brightness in the ",
        "userDefined": false
      },
      {
        "text": "kitchen",
        "alias": "room",
        "meta": "@room",
        "userDefined": true
      }
    ],
    "isTemplate": false,
    "count": 0,
    "updated": 0
  },
  {
    "id": "d18a0be1-e33f-4ee3-b562-5d3f071083e7",
    "data": [
      {
        "text": "it\u0027s not dark enough dim it here",
        "userDefined": false
      }
    ],
    "isTemplate": false,
    "count": 0,
    "updated": 0
  },
  {
    "id": "748584f8-3257-462e-869b-858de3a16dfe",
    "data": [
      {
        "text": "kitchen",
        "alias": "room",
        "meta": "@room",
        "userDefined": true
      },
      {
        "text": " ",
        "userDefined": false
      },
      {
        "text": "decorations",
        "alias": "device",
        "meta": "@device",
        "userDefined": true
      },
      {
        "text": " brightness down",
        "userDefined": false
      }
    ],
    "isTemplate": false,
    "count": 0,
    "updated": 0
  },
  {
    "id": "9bf2a117-5048-4056-b973-65c35c48aac8",
    "data": [
      {
        "text": "lower",
        "meta": "@sys.ignore",
        "userDefined": true
      },
      {
        "text": " brightness for my ",
        "userDefined": false
      },
      {
        "text": "PC",
        "alias": "device",
        "meta": "@device",
        "userDefined": true
      }
    ],
    "isTemplate": false,
    "count": 0,
    "updated": 0
  },
  {
    "id": "d103924b-cf45-49e3-ae37-2a1cdeb76f5c",
    "data": [
      {
        "text": "lower",
        "meta": "@sys.ignore",
        "userDefined": true
      },
      {
        "text": " the brightness of ",
        "userDefined": false
      },
      {
        "text": "all",
        "alias": "all",
        "meta": "@all",
        "userDefined": true
      },
      {
        "text": " ",
        "userDefined": false
      },
      {
        "text": "computers",
        "alias": "device",
        "meta": "@device",
        "userDefined": true
      }
    ],
    "isTemplate": false,
    "count": 0,
    "updated": 0
  },
  {
    "id": "21d0e921-6d5e-4c60-9575-595cabd56cc0",
    "data": [
      {
        "text": "lower",
        "meta": "@sys.ignore",
        "userDefined": true
      },
      {
        "text": " the brightness of the ",
        "userDefined": false
      },
      {
        "text": "decorations",
        "alias": "device",
        "meta": "@device",
        "userDefined": true
      }
    ],
    "isTemplate": false,
    "count": 0,
    "updated": 0
  },
  {
    "id": "28916cd6-4499-4ec2-8b2e-c5555521bd30",
    "data": [
      {
        "text": "dim ",
        "userDefined": false
      },
      {
        "text": "all",
        "alias": "all",
        "meta": "@all",
        "userDefined": true
      },
      {
        "text": " the ",
        "userDefined": false
      },
      {
        "text": "decorations",
        "alias": "device",
        "meta": "@device",
        "userDefined": true
      },
      {
        "text": " brightness",
        "userDefined": false
      }
    ],
    "isTemplate": false,
    "count": 1,
    "updated": 0
  },
  {
    "id": "2d3e478d-2d47-4dac-b66b-746241a2470c",
    "data": [
      {
        "text": "turn the ",
        "userDefined": false
      },
      {
        "text": "brightness level",
        "meta": "@sys.ignore",
        "userDefined": true
      },
      {
        "text": " down by ",
        "userDefined": false
      },
      {
        "text": "50",
        "alias": "change-value",
        "meta": "@sys.number",
        "userDefined": true
      }
    ],
    "isTemplate": false,
    "count": 0,
    "updated": 0
  },
  {
    "id": "34e61318-ea1b-4b3d-bb7e-cfdfc1385ed3",
    "data": [
      {
        "text": "brightness level",
        "meta": "@sys.ignore",
        "userDefined": true
      },
      {
        "text": " down by ",
        "userDefined": false
      },
      {
        "text": "50",
        "alias": "change-value",
        "meta": "@sys.number",
        "userDefined": true
      }
    ],
    "isTemplate": false,
    "count": 0,
    "updated": 0
  },
  {
    "id": "ab894d03-3a91-4f89-b947-b69357e69df4",
    "data": [
      {
        "text": "computer",
        "alias": "device",
        "meta": "@device",
        "userDefined": true
      },
      {
        "text": " brightness down by ",
        "userDefined": false
      },
      {
        "text": "50",
        "alias": "change-value",
        "meta": "@sys.number",
        "userDefined": true
      },
      {
        "text": " points",
        "userDefined": false
      }
    ],
    "isTemplate": false,
    "count": 0,
    "updated": 0
  },
  {
    "id": "5b8dd092-0fa7-4168-98cd-6ab8564db46f",
    "data": [
      {
        "text": "decorations",
        "alias": "device",
        "meta": "@device",
        "userDefined": true
      },
      {
        "text": " brightness down by ",
        "userDefined": false
      },
      {
        "text": "50",
        "alias": "change-value",
        "meta": "@sys.number",
        "userDefined": true
      },
      {
        "text": " points",
        "userDefined": false
      }
    ],
    "isTemplate": false,
    "count": 0,
    "updated": 0
  },
  {
    "id": "69f72b3e-9006-4093-9866-4ee47c44a08c",
    "data": [
      {
        "text": "turn ",
        "userDefined": false
      },
      {
        "text": "decorations",
        "alias": "device",
        "meta": "@device",
        "userDefined": true
      },
      {
        "text": " brightness down by ",
        "userDefined": false
      },
      {
        "text": "50",
        "alias": "change-value",
        "meta": "@sys.number",
        "userDefined": true
      },
      {
        "text": " points",
        "userDefined": false
      }
    ],
    "isTemplate": false,
    "count": 1,
    "updated": 0
  },
  {
    "id": "61d4ee51-a927-40e5-af70-90b336e3dea4",
    "data": [
      {
        "text": "turn the ",
        "userDefined": false
      },
      {
        "text": "brightness level",
        "meta": "@sys.ignore",
        "userDefined": true
      },
      {
        "text": " down till ",
        "userDefined": false
      },
      {
        "text": "23",
        "alias": "final-value",
        "meta": "@sys.number",
        "userDefined": true
      }
    ],
    "isTemplate": false,
    "count": 0,
    "updated": 0
  },
  {
    "id": "849b6c6d-ebf9-485d-834a-059fa9c7bf8f",
    "data": [
      {
        "text": "computer",
        "alias": "device",
        "meta": "@device",
        "userDefined": true
      },
      {
        "text": " brightness level down till ",
        "userDefined": false
      },
      {
        "text": "23",
        "alias": "final-value",
        "meta": "@sys.number",
        "userDefined": true
      }
    ],
    "isTemplate": false,
    "count": 0,
    "updated": 0
  },
  {
    "id": "b5994d18-1e34-4169-9558-c4375aa7bd0a",
    "data": [
      {
        "text": "computer",
        "alias": "device",
        "meta": "@device",
        "userDefined": true
      },
      {
        "text": " brightness down till ",
        "userDefined": false
      },
      {
        "text": "23",
        "alias": "final-value",
        "meta": "@sys.number",
        "userDefined": true
      }
    ],
    "isTemplate": false,
    "count": 1,
    "updated": 0
  },
  {
    "id": "a339906c-6145-4ed2-a721-b17e418c70cb",
    "data": [
      {
        "text": "computer",
        "alias": "device",
        "meta": "@device",
        "userDefined": true
      },
      {
        "text": " brightness ",
        "userDefined": false
      },
      {
        "text": "level",
        "meta": "@sys.ignore",
        "userDefined": true
      },
      {
        "text": " down till ",
        "userDefined": false
      },
      {
        "text": "23",
        "alias": "final-value",
        "meta": "@sys.number",
        "userDefined": true
      },
      {
        "text": " points",
        "userDefined": false
      }
    ],
    "isTemplate": false,
    "count": 0,
    "updated": 0
  },
  {
    "id": "c21d64be-dcb0-45d6-8d67-288bb2a8b20b",
    "data": [
      {
        "text": "down ",
        "userDefined": false
      },
      {
        "text": "all",
        "alias": "all",
        "meta": "@all",
        "userDefined": true
      },
      {
        "text": " the ",
        "userDefined": false
      },
      {
        "text": "decorations",
        "alias": "device",
        "meta": "@device",
        "userDefined": true
      },
      {
        "text": " brightness",
        "userDefined": false
      }
    ],
    "isTemplate": false,
    "count": 0,
    "updated": 0
  },
  {
    "id": "fc2aa14b-9ec6-40a9-9079-48342476f0df",
    "data": [
      {
        "text": "turn down ",
        "userDefined": false
      },
      {
        "text": "all",
        "alias": "all",
        "meta": "@all",
        "userDefined": true
      },
      {
        "text": " the ",
        "userDefined": false
      },
      {
        "text": "decorations",
        "alias": "device",
        "meta": "@device",
        "userDefined": true
      },
      {
        "text": " brightness level",
        "userDefined": false
      }
    ],
    "isTemplate": false,
    "count": 1,
    "updated": 0
  },
  {
    "id": "1460be83-94cc-4c87-aa2d-0be40fe5c958",
    "data": [
      {
        "text": "brightness down",
        "userDefined": false
      }
    ],
    "isTemplate": false,
    "count": 1,
    "updated": 0
  },
  {
    "id": "4c7873af-1e3b-4712-b6a8-5e07071939cb",
    "data": [
      {
        "text": "let the brightness go down",
        "userDefined": false
      }
    ],
    "isTemplate": false,
    "count": 0,
    "updated": 0
  },
  {
    "id": "5c725e16-29e9-47de-bb0a-ced74ef59d00",
    "data": [
      {
        "text": "dim the ",
        "userDefined": false
      },
      {
        "text": "PC",
        "alias": "device",
        "meta": "@device",
        "userDefined": true
      },
      {
        "text": " brightness in the ",
        "userDefined": false
      },
      {
        "text": "living room",
        "alias": "room",
        "meta": "@room",
        "userDefined": true
      },
      {
        "text": " to ",
        "userDefined": false
      },
      {
        "text": "20",
        "alias": "final-value",
        "meta": "@sys.number",
        "userDefined": true
      }
    ],
    "isTemplate": false,
    "count": 0,
    "updated": 0
  },
  {
    "id": "47f73f1e-af5a-48d2-855b-34db43552fcd",
    "data": [
      {
        "text": "brightness down by ",
        "userDefined": false
      },
      {
        "text": "10",
        "alias": "change-value",
        "meta": "@sys.number",
        "userDefined": true
      },
      {
        "text": " points",
        "userDefined": false
      }
    ],
    "isTemplate": false,
    "count": 0,
    "updated": 0
  },
  {
    "id": "de197962-f508-4a76-ac47-eaa0df691ce9",
    "data": [
      {
        "text": "brightness down  till ",
        "userDefined": false
      },
      {
        "text": "10",
        "alias": "final-value",
        "meta": "@sys.number",
        "userDefined": true
      },
      {
        "text": " points",
        "userDefined": false
      }
    ],
    "isTemplate": false,
    "count": 0,
    "updated": 0
  },
  {
    "id": "f1e0974d-fc5f-4854-9598-58a47e8e70d7",
    "data": [
      {
        "text": "decorations",
        "alias": "device",
        "meta": "@device",
        "userDefined": true
      },
      {
        "text": " brightness down  by ",
        "userDefined": false
      },
      {
        "text": "10",
        "alias": "change-value",
        "meta": "@sys.number",
        "userDefined": false
      },
      {
        "text": " points",
        "userDefined": false
      }
    ],
    "isTemplate": false,
    "count": 0,
    "updated": 0
  },
  {
    "id": "78062856-ecf1-4b80-a06e-2d38dff0744c",
    "data": [
      {
        "text": "PC",
        "alias": "device",
        "meta": "@device",
        "userDefined": true
      },
      {
        "text": " brightness down till ",
        "userDefined": false
      },
      {
        "text": "10",
        "alias": "final-value",
        "meta": "@sys.number",
        "userDefined": false
      },
      {
        "text": " points",
        "userDefined": false
      }
    ],
    "isTemplate": false,
    "count": 0,
    "updated": 0
  },
  {
    "id": "b426dd62-40dc-44e3-ac9d-9bfd888b103b",
    "data": [
      {
        "text": "turn down brightness by ",
        "userDefined": false
      },
      {
        "text": "15",
        "alias": "change-value",
        "meta": "@sys.number",
        "userDefined": false
      },
      {
        "text": " points",
        "userDefined": false
      }
    ],
    "isTemplate": false,
    "count": 0,
    "updated": 0
  },
  {
    "id": "c27c2193-a948-4698-9861-d375459432b2",
    "data": [
      {
        "text": "turn down brightness till ",
        "userDefined": false
      },
      {
        "text": "15",
        "alias": "final-value",
        "meta": "@sys.number",
        "userDefined": false
      },
      {
        "text": " points",
        "userDefined": false
      }
    ],
    "isTemplate": false,
    "count": 0,
    "updated": 0
  },
  {
    "id": "71948b25-d132-4e1e-8c6b-b5b70367d443",
    "data": [
      {
        "text": "turn down ",
        "userDefined": false
      },
      {
        "text": "TV",
        "alias": "device",
        "meta": "@device",
        "userDefined": true
      },
      {
        "text": " brightness by ",
        "userDefined": false
      },
      {
        "text": "15",
        "alias": "change-value",
        "meta": "@sys.number",
        "userDefined": false
      },
      {
        "text": " points",
        "userDefined": false
      }
    ],
    "isTemplate": false,
    "count": 0,
    "updated": 0
  },
  {
    "id": "b5742c35-ffc3-41f9-8dee-8de66b0d3028",
    "data": [
      {
        "text": "turn down ",
        "userDefined": false
      },
      {
        "text": "TV",
        "alias": "device",
        "meta": "@device",
        "userDefined": true
      },
      {
        "text": " brightness till ",
        "userDefined": false
      },
      {
        "text": "15",
        "alias": "final-value",
        "meta": "@sys.number",
        "userDefined": false
      },
      {
        "text": " points",
        "userDefined": false
      }
    ],
    "isTemplate": false,
    "count": 0,
    "updated": 0
  },
  {
    "id": "bc5307ed-95b0-454f-bdb3-41c5355f5c2c",
    "data": [
      {
        "text": "brightness down for ",
        "userDefined": false
      },
      {
        "text": "15",
        "alias": "change-value",
        "meta": "@sys.number",
        "userDefined": false
      },
      {
        "text": " percents in the ",
        "userDefined": false
      },
      {
        "text": "bedroom",
        "alias": "room",
        "meta": "@room",
        "userDefined": false
      }
    ],
    "isTemplate": false,
    "count": 0,
    "updated": 0
  },
  {
    "id": "b4c80533-f54b-4fe4-8abf-907772b17ed3",
    "data": [
      {
        "text": "brightness down to ",
        "userDefined": false
      },
      {
        "text": "15",
        "alias": "final-value",
        "meta": "@sys.number",
        "userDefined": false
      },
      {
        "text": " percents in the ",
        "userDefined": false
      },
      {
        "text": "bedroom",
        "alias": "room",
        "meta": "@room",
        "userDefined": false
      }
    ],
    "isTemplate": false,
    "count": 0,
    "updated": 0
  },
  {
    "id": "24c0a2d2-73b0-476a-ad5a-742e0961fe21",
    "data": [
      {
        "text": "TV",
        "alias": "device",
        "meta": "@device",
        "userDefined": true
      },
      {
        "text": " brightness down for ",
        "userDefined": false
      },
      {
        "text": "15",
        "alias": "change-value",
        "meta": "@sys.number",
        "userDefined": false
      },
      {
        "text": " percents in the ",
        "userDefined": false
      },
      {
        "text": "bedroom",
        "alias": "room",
        "meta": "@room",
        "userDefined": false
      }
    ],
    "isTemplate": false,
    "count": 0,
    "updated": 0
  },
  {
    "id": "11c33fdc-c4ab-49c9-8685-1b7c1146f478",
    "data": [
      {
        "text": "TV",
        "alias": "device",
        "meta": "@device",
        "userDefined": true
      },
      {
        "text": " brightness up to ",
        "userDefined": false
      },
      {
        "text": "15",
        "alias": "final-value",
        "meta": "@sys.number",
        "userDefined": false
      },
      {
        "text": " percents in the ",
        "userDefined": false
      },
      {
        "text": "bedroom",
        "alias": "room",
        "meta": "@room",
        "userDefined": false
      }
    ],
    "isTemplate": false,
    "count": 0,
    "updated": 0
  },
  {
    "id": "24e90fe2-73ee-4d70-a8c0-d642ab7270f1",
    "data": [
      {
        "text": "make ",
        "userDefined": false
      },
      {
        "text": "TV",
        "alias": "device",
        "meta": "@device",
        "userDefined": true
      },
      {
        "text": " brightness level lower by ",
        "userDefined": false
      },
      {
        "text": "5",
        "alias": "change-value",
        "meta": "@sys.number",
        "userDefined": false
      },
      {
        "text": " points",
        "userDefined": false
      }
    ],
    "isTemplate": false,
    "count": 0,
    "updated": 0
  },
  {
    "id": "1a2b51c3-e430-4f07-8836-e74a934249ab",
    "data": [
      {
        "text": "make ",
        "userDefined": false
      },
      {
        "text": "TV",
        "alias": "device",
        "meta": "@device",
        "userDefined": true
      },
      {
        "text": " brightness level lower by ",
        "userDefined": false
      },
      {
        "text": "5",
        "alias": "change-value",
        "meta": "@sys.number",
        "userDefined": false
      },
      {
        "text": " points in the ",
        "userDefined": false
      },
      {
        "text": "kitchen",
        "alias": "room",
        "meta": "@room",
        "userDefined": false
      }
    ],
    "isTemplate": false,
    "count": 0,
    "updated": 0
  },
  {
    "id": "3afe5da7-2985-4523-8b11-f61b709c7a15",
    "data": [
      {
        "text": "turn the ",
        "userDefined": false
      },
      {
        "text": "decorations",
        "alias": "device",
        "meta": "@device",
        "userDefined": true
      },
      {
        "text": " brightness level down till ",
        "userDefined": false
      },
      {
        "text": "5",
        "alias": "final-value",
        "meta": "@sys.number",
        "userDefined": false
      },
      {
        "text": " points",
        "userDefined": false
      }
    ],
    "isTemplate": false,
    "count": 0,
    "updated": 0
  },
  {
    "id": "8dc12a40-6718-46a9-a8de-e5906f602389",
    "data": [
      {
        "text": "turn the ",
        "userDefined": false
      },
      {
        "text": "TV",
        "alias": "device",
        "meta": "@device",
        "userDefined": true
      },
      {
        "text": " brightness level down till ",
        "userDefined": false
      },
      {
        "text": "5",
        "alias": "final-value",
        "meta": "@sys.number",
        "userDefined": false
      },
      {
        "text": " points in the ",
        "userDefined": false
      },
      {
        "text": "kitchen",
        "alias": "room",
        "meta": "@room",
        "userDefined": false
      }
    ],
    "isTemplate": false,
    "count": 0,
    "updated": 0
  },
  {
    "id": "a0f8e07c-746e-475e-8f00-919a737a988c",
    "data": [
      {
        "text": "turn ",
        "userDefined": false
      },
      {
        "text": "TV",
        "alias": "device",
        "meta": "@device",
        "userDefined": true
      },
      {
        "text": " darker until ",
        "userDefined": false
      },
      {
        "text": "40",
        "alias": "final-value",
        "meta": "@sys.number",
        "userDefined": false
      },
      {
        "text": " percents",
        "userDefined": false
      }
    ],
    "isTemplate": false,
    "count": 0,
    "updated": 0
  },
  {
    "id": "17cf9194-51f7-48d0-abbc-7ab7641277ca",
    "data": [
      {
        "text": "make ",
        "userDefined": false
      },
      {
        "text": "TV",
        "alias": "device",
        "meta": "@device",
        "userDefined": true
      },
      {
        "text": " darker until ",
        "userDefined": false
      },
      {
        "text": "40",
        "alias": "final-value",
        "meta": "@sys.number",
        "userDefined": false
      },
      {
        "text": " percents",
        "userDefined": false
      }
    ],
    "isTemplate": false,
    "count": 0,
    "updated": 0
  },
  {
    "id": "3384b10d-6c19-4848-aedd-3f948f33d5c2",
    "data": [
      {
        "text": "turn ",
        "userDefined": false
      },
      {
        "text": "TV",
        "alias": "device",
        "meta": "@device",
        "userDefined": true
      },
      {
        "text": " darker till ",
        "userDefined": false
      },
      {
        "text": "40",
        "alias": "final-value",
        "meta": "@sys.number",
        "userDefined": false
      },
      {
        "text": " percents",
        "userDefined": false
      }
    ],
    "isTemplate": false,
    "count": 0,
    "updated": 0
  },
  {
    "id": "7bab992c-209a-43be-af96-2d1211430b64",
    "data": [
      {
        "text": "make ",
        "userDefined": false
      },
      {
        "text": "computer",
        "alias": "device",
        "meta": "@device",
        "userDefined": true
      },
      {
        "text": " screen darker till ",
        "userDefined": false
      },
      {
        "text": "40",
        "alias": "final-value",
        "meta": "@sys.number",
        "userDefined": false
      },
      {
        "text": " percents",
        "userDefined": false
      }
    ],
    "isTemplate": false,
    "count": 0,
    "updated": 0
  },
  {
    "id": "7b154896-8472-4fc7-8fdf-6aaa4b1e77b3",
    "data": [
      {
        "text": "turn ",
        "userDefined": false
      },
      {
        "text": "PC",
        "alias": "device",
        "meta": "@device",
        "userDefined": true
      },
      {
        "text": " screen darker to ",
        "userDefined": false
      },
      {
        "text": "40",
        "alias": "final-value",
        "meta": "@sys.number",
        "userDefined": false
      },
      {
        "text": " percents",
        "userDefined": false
      }
    ],
    "isTemplate": false,
    "count": 0,
    "updated": 0
  },
  {
    "id": "517227d4-9264-4beb-ab0c-628efd5c425f",
    "data": [
      {
        "text": "make ",
        "userDefined": false
      },
      {
        "text": "decorations",
        "alias": "device",
        "meta": "@device",
        "userDefined": true
      },
      {
        "text": " darker to ",
        "userDefined": false
      },
      {
        "text": "40",
        "alias": "final-value",
        "meta": "@sys.number",
        "userDefined": false
      },
      {
        "text": " percents",
        "userDefined": false
      }
    ],
    "isTemplate": false,
    "count": 0,
    "updated": 0
  },
  {
    "id": "4b7fa9f9-0656-46cb-8f35-26028b99aa2b",
    "data": [
      {
        "text": "darken ",
        "userDefined": false
      },
      {
        "text": "decorations",
        "alias": "device",
        "meta": "@device",
        "userDefined": true
      },
      {
        "text": " to ",
        "userDefined": false
      },
      {
        "text": "40",
        "alias": "final-value",
        "meta": "@sys.number",
        "userDefined": false
      },
      {
        "text": " percents",
        "userDefined": false
      }
    ],
    "isTemplate": false,
    "count": 0,
    "updated": 0
  },
  {
    "id": "dd177547-761e-4b4b-a296-66ae10ca25f3",
    "data": [
      {
        "text": "darken  ",
        "userDefined": false
      },
      {
        "text": "TV screen",
        "alias": "device",
        "meta": "@device",
        "userDefined": true
      },
      {
        "text": " till ",
        "userDefined": false
      },
      {
        "text": "40",
        "alias": "final-value",
        "meta": "@sys.number",
        "userDefined": false
      },
      {
        "text": " percents",
        "userDefined": false
      }
    ],
    "isTemplate": false,
    "count": 0,
    "updated": 0
  },
  {
    "id": "7f92dbca-3655-4546-90aa-12ab1a3b8872",
    "data": [
      {
        "text": "darken ",
        "userDefined": false
      },
      {
        "text": "TV screen",
        "alias": "device",
        "meta": "@device",
        "userDefined": true
      },
      {
        "text": " till ",
        "userDefined": false
      },
      {
        "text": "40",
        "alias": "final-value",
        "meta": "@sys.number",
        "userDefined": false
      },
      {
        "text": " percents please",
        "userDefined": false
      }
    ],
    "isTemplate": false,
    "count": 0,
    "updated": 0
  },
  {
    "id": "44e23e48-e1f5-4280-aa86-3e6c9c76b6ea",
    "data": [
      {
        "text": "can you please make ",
        "userDefined": false
      },
      {
        "text": "decorations",
        "alias": "device",
        "meta": "@device",
        "userDefined": true
      },
      {
        "text": " in the ",
        "userDefined": false
      },
      {
        "text": "room",
        "alias": "room",
        "meta": "@room",
        "userDefined": false
      },
      {
        "text": " darker till ",
        "userDefined": false
      },
      {
        "text": "40",
        "alias": "final-value",
        "meta": "@sys.number",
        "userDefined": false
      },
      {
        "text": " percents",
        "userDefined": false
      }
    ],
    "isTemplate": false,
    "count": 0,
    "updated": 0
  },
  {
    "id": "154e47c6-6c19-4f6a-a1a3-26c932810e5c",
    "data": [
      {
        "text": "turn down ",
        "userDefined": false
      },
      {
        "text": "TV",
        "alias": "device",
        "meta": "@device",
        "userDefined": true
      },
      {
        "text": " screen brightness level for ",
        "userDefined": false
      },
      {
        "text": "20",
        "alias": "change-value",
        "meta": "@sys.number",
        "userDefined": false
      },
      {
        "text": " points",
        "userDefined": false
      }
    ],
    "isTemplate": false,
    "count": 0,
    "updated": 0
  },
  {
    "id": "f1f961e6-bfb1-4859-aae5-a72ae53663ad",
    "data": [
      {
        "text": "make my ",
        "userDefined": false
      },
      {
        "text": "laptop",
        "alias": "device",
        "meta": "@device",
        "userDefined": true
      },
      {
        "text": " darker for ",
        "userDefined": false
      },
      {
        "text": "20",
        "alias": "change-value",
        "meta": "@sys.number",
        "userDefined": false
      },
      {
        "text": " points",
        "userDefined": false
      }
    ],
    "isTemplate": false,
    "count": 0,
    "updated": 0
  },
  {
    "id": "13d7f443-6842-4cf4-a492-0f09f2a51ce3",
    "data": [
      {
        "text": "make the ",
        "userDefined": false
      },
      {
        "text": "computer",
        "alias": "device",
        "meta": "@device",
        "userDefined": true
      },
      {
        "text": " screen darker",
        "userDefined": false
      }
    ],
    "isTemplate": false,
    "count": 0,
    "updated": 0
  },
  {
    "id": "0fc94e91-2826-4e15-a7e8-e071b9f79b28",
    "data": [
      {
        "text": "turn ",
        "userDefined": false
      },
      {
        "text": "TV",
        "alias": "device",
        "meta": "@device",
        "userDefined": true
      },
      {
        "text": " screen darker",
        "userDefined": false
      }
    ],
    "isTemplate": false,
    "count": 0,
    "updated": 0
  },
  {
    "id": "3832ecd9-ce48-418a-ac54-fdf729a877cf",
    "data": [
      {
        "text": "dim the ",
        "userDefined": false
      },
      {
        "text": "computer",
        "alias": "device",
        "meta": "@device",
        "userDefined": true
      },
      {
        "text": " screen brightness",
        "userDefined": false
      }
    ],
    "isTemplate": false,
    "count": 0,
    "updated": 0
  },
  {
    "id": "c5a5785f-0736-4b01-adcc-fcc6144b2349",
    "data": [
      {
        "text": "dim the ",
        "userDefined": false
      },
      {
        "text": "computer",
        "alias": "device",
        "meta": "@device",
        "userDefined": true
      },
      {
        "text": " screen level in the ",
        "userDefined": false
      },
      {
        "text": "kitchen",
        "alias": "room",
        "meta": "@room",
        "userDefined": false
      }
    ],
    "isTemplate": false,
    "count": 0,
    "updated": 0
  },
  {
    "id": "de7b3c76-43a4-40f3-b04b-f711455eb07e",
    "data": [
      {
        "text": "make ",
        "userDefined": false
      },
      {
        "text": "TV",
        "alias": "device",
        "meta": "@device",
        "userDefined": true
      },
      {
        "text": " screen brightness in the ",
        "userDefined": false
      },
      {
        "text": "kitchen",
        "alias": "room",
        "meta": "@room",
        "userDefined": false
      },
      {
        "text": " ",
        "userDefined": false
      },
      {
        "text": "10",
        "alias": "change-value",
        "meta": "@sys.number",
        "userDefined": false
      },
      {
        "text": " less",
        "userDefined": false
      }
    ],
    "isTemplate": false,
    "count": 0,
    "updated": 0
  },
  {
    "id": "960b8d05-48ed-4324-8606-97a34596bedd",
    "data": [
      {
        "text": "turn the ",
        "userDefined": false
      },
      {
        "text": "TV",
        "alias": "device",
        "meta": "@device",
        "userDefined": true
      },
      {
        "text": " brightness level down",
        "userDefined": false
      }
    ],
    "isTemplate": false,
    "count": 0,
    "updated": 0
  },
  {
    "id": "48ca6612-d639-4db3-af2f-2e965008fee1",
    "data": [
      {
        "text": "dim the ",
        "userDefined": false
      },
      {
        "text": "living room",
        "alias": "room",
        "meta": "@room",
        "userDefined": false
      },
      {
        "text": " ",
        "userDefined": false
      },
      {
        "text": "computer",
        "alias": "device",
        "meta": "@device",
        "userDefined": true
      },
      {
        "text": " to ",
        "userDefined": false
      },
      {
        "text": "20",
        "alias": "final-value",
        "meta": "@sys.number",
        "userDefined": false
      }
    ],
    "isTemplate": false,
    "count": 0,
    "updated": 0
  },
  {
    "id": "2e7febeb-0ae2-4b7e-a7fe-5a5b937c158f",
    "data": [
      {
        "text": "turn down ",
        "userDefined": false
      },
      {
        "text": "all",
        "alias": "all",
        "meta": "@all",
        "userDefined": false
      },
      {
        "text": " ",
        "userDefined": false
      },
      {
        "text": "decorations",
        "alias": "device",
        "meta": "@device",
        "userDefined": true
      }
    ],
    "isTemplate": false,
    "count": 0,
    "updated": 0
  },
  {
    "id": "0df60eea-642d-49a1-82bc-3ddeaed0bc47",
    "data": [
      {
        "text": "turn ",
        "userDefined": false
      },
      {
        "text": "all",
        "alias": "all",
        "meta": "@all",
        "userDefined": false
      },
      {
        "text": " ",
        "userDefined": false
      },
      {
        "text": "decorations",
        "alias": "device",
        "meta": "@device",
        "userDefined": true
      },
      {
        "text": " down",
        "userDefined": false
      }
    ],
    "isTemplate": false,
    "count": 0,
    "updated": 0
  },
  {
    "id": "ca2eb20d-6d76-4daf-8203-d3584b0c836e",
    "data": [
      {
        "text": "dim the ",
        "userDefined": false
      },
      {
        "text": "decorations",
        "alias": "device",
        "meta": "@device",
        "userDefined": true
      }
    ],
    "isTemplate": false,
    "count": 0,
    "updated": 0
  },
  {
    "id": "06f5e46f-bc04-4e9b-85ed-2f535b6416be",
    "data": [
      {
        "text": "minimum brightness",
        "userDefined": false
      }
    ],
    "isTemplate": false,
    "count": 1,
    "updated": 0
  }
]