[
  {
    "id": "47f42872-db7a-45d3-a354-bc29b25f998e",
    "data": [
      {
        "text": "hotter",
        "userDefined": false
      }
    ],
    "isTemplate": false,
    "count": 0,
    "updated": 0
  },
  {
    "id": "515ea6ee-f92b-4a27-8019-764a9fd9bce7",
    "data": [
      {
        "text": "still not ",
        "userDefined": false
      },
      {
        "text": "hot",
        "meta": "@sys.ignore",
        "userDefined": false
      }
    ],
    "isTemplate": false,
    "count": 0,
    "updated": 0
  },
  {
    "id": "eca5d742-9492-46d6-9861-a5c5c79daba9",
    "data": [
      {
        "text": "too ",
        "userDefined": false
      },
      {
        "text": "cold",
        "meta": "@sys.ignore",
        "userDefined": false
      }
    ],
    "isTemplate": false,
    "count": 0,
    "updated": 0
  },
  {
    "id": "633c12ed-c8c3-47b3-99c4-381c354869be",
    "data": [
      {
        "text": "make ",
        "userDefined": false
      },
      {
        "text": "it",
        "meta": "@sys.ignore",
        "userDefined": true
      },
      {
        "text": " hotter",
        "userDefined": false
      }
    ],
    "isTemplate": false,
    "count": 0,
    "updated": 0
  },
  {
    "id": "d991b2f8-2dd8-448b-883a-542412c6aaf3",
    "data": [
      {
        "text": "still not ",
        "userDefined": false
      },
      {
        "text": "warm",
        "meta": "@sys.ignore",
        "userDefined": false
      }
    ],
    "isTemplate": false,
    "count": 0,
    "updated": 0
  },
  {
    "id": "13c33320-e696-4e32-a06d-91fca0bc731f",
    "data": [
      {
        "text": "still not ",
        "userDefined": false
      },
      {
        "text": "hot",
        "meta": "@sys.ignore",
        "userDefined": false
      },
      {
        "text": " enough",
        "userDefined": false
      }
    ],
    "isTemplate": false,
    "count": 0,
    "updated": 0
  },
  {
    "id": "ad157b7f-e7b6-487a-b5eb-22516d12c57f",
    "data": [
      {
        "text": "still ",
        "userDefined": false
      },
      {
        "text": "cold",
        "meta": "@sys.ignore",
        "userDefined": false
      }
    ],
    "isTemplate": false,
    "count": 0,
    "updated": 0
  },
  {
    "id": "d0c0cb86-0797-4293-a3e8-94305aed3e57",
    "data": [
      {
        "text": "warmer",
        "userDefined": false
      }
    ],
    "isTemplate": false,
    "count": 0,
    "updated": 0
  },
  {
    "id": "4f570301-295b-461d-9830-41f16c9b320e",
    "data": [
      {
        "text": "still not ",
        "userDefined": false
      },
      {
        "text": "warm enough",
        "meta": "@sys.ignore",
        "userDefined": false
      }
    ],
    "isTemplate": false,
    "count": 0,
    "updated": 0
  },
  {
    "id": "3b973ed9-0242-4095-9a69-f75917c3253e",
    "data": [
      {
        "text": "make ",
        "userDefined": false
      },
      {
        "text": "it",
        "meta": "@sys.ignore",
        "userDefined": true
      },
      {
        "text": " warmer",
        "userDefined": false
      }
    ],
    "isTemplate": false,
    "count": 0,
    "updated": 0
  },
  {
    "id": "4b4bfc0c-325f-4632-9133-0a3fb53c4a3b",
    "data": [
      {
        "text": "not warm enough",
        "userDefined": false
      }
    ],
    "isTemplate": false,
    "count": 0,
    "updated": 0
  },
  {
    "id": "aed3e824-1ec7-43bf-925c-5293a80417e9",
    "data": [
      {
        "text": "still I\u0027m ",
        "userDefined": false
      },
      {
        "text": "cold",
        "meta": "@sys.ignore",
        "userDefined": false
      }
    ],
    "isTemplate": false,
    "count": 0,
    "updated": 0
  }
]