[
  {
    "id": "e9e95e54-3a51-43f9-8e74-a0b5a84249cf",
    "data": [
      {
        "text": "the air is too ",
        "userDefined": false
      },
      {
        "text": "hot",
        "meta": "@sys.ignore",
        "userDefined": true
      }
    ],
    "isTemplate": false,
    "count": 0,
    "updated": 0
  },
  {
    "id": "3d608007-1ec2-4867-8850-d1e983b598c5",
    "data": [
      {
        "text": "I\u0027m hot",
        "userDefined": false
      }
    ],
    "isTemplate": false,
    "count": 1,
    "updated": 0
  },
  {
    "id": "92d380b4-87a9-49e5-b74d-1b5b3e220152",
    "data": [
      {
        "text": "too ",
        "userDefined": false
      },
      {
        "text": "hot",
        "meta": "@sys.ignore",
        "userDefined": true
      },
      {
        "text": " in ",
        "userDefined": false
      },
      {
        "text": "all",
        "alias": "all",
        "meta": "@all",
        "userDefined": true
      },
      {
        "text": " rooms",
        "userDefined": false
      }
    ],
    "isTemplate": false,
    "count": 0,
    "updated": 0
  },
  {
    "id": "c43a8243-39c4-4300-abbb-ee9e10de6d9e",
    "data": [
      {
        "text": "it",
        "meta": "@sys.ignore",
        "userDefined": true
      },
      {
        "text": "\u0027s ",
        "userDefined": false
      },
      {
        "text": "hot",
        "meta": "@sys.ignore",
        "userDefined": true
      },
      {
        "text": " in here",
        "userDefined": false
      }
    ],
    "isTemplate": false,
    "count": 0,
    "updated": 0
  },
  {
    "id": "cb353c6d-4183-40cd-941a-b6a520537050",
    "data": [
      {
        "text": "it",
        "meta": "@sys.ignore",
        "userDefined": true
      },
      {
        "text": "\u0027s too ",
        "userDefined": false
      },
      {
        "text": "hot",
        "meta": "@sys.ignore",
        "userDefined": true
      },
      {
        "text": " in here",
        "userDefined": false
      }
    ],
    "isTemplate": false,
    "count": 0,
    "updated": 0
  },
  {
    "id": "cfc24e73-e4dc-44d3-bc4c-b0c95bc8847e",
    "data": [
      {
        "text": "too ",
        "userDefined": false
      },
      {
        "text": "hot",
        "meta": "@sys.ignore",
        "userDefined": true
      },
      {
        "text": " in the ",
        "userDefined": false
      },
      {
        "text": "kitchen",
        "alias": "room",
        "meta": "@room",
        "userDefined": true
      }
    ],
    "isTemplate": false,
    "count": 0,
    "updated": 0
  },
  {
    "id": "2bbd2fef-d443-4c25-af7c-fb6a669bc436",
    "data": [
      {
        "text": "too ",
        "userDefined": false
      },
      {
        "text": "hot",
        "meta": "@sys.ignore",
        "userDefined": true
      }
    ],
    "isTemplate": false,
    "count": 0,
    "updated": 0
  },
  {
    "id": "16aa8fc6-5a01-4f70-900a-29109668de02",
    "data": [
      {
        "text": "too ",
        "userDefined": false
      },
      {
        "text": "warm",
        "meta": "@sys.ignore",
        "userDefined": true
      }
    ],
    "isTemplate": false,
    "count": 0,
    "updated": 0
  },
  {
    "id": "ed0002e7-f0d0-4f75-8cdc-53d83e7e0abc",
    "data": [
      {
        "text": "it s hot",
        "userDefined": false
      }
    ],
    "isTemplate": false,
    "count": 0,
    "updated": 0
  },
  {
    "id": "64475044-d23e-41c7-80b8-c1a9a165e280",
    "data": [
      {
        "text": "it is hot in the ",
        "userDefined": false
      },
      {
        "text": "kitchen",
        "alias": "room",
        "meta": "@room",
        "userDefined": true
      }
    ],
    "isTemplate": false,
    "count": 0,
    "updated": 0
  },
  {
    "id": "6f257a2d-f9f1-4957-8164-9fa8b53541ed",
    "data": [
      {
        "text": "I\u0027m getting hot",
        "userDefined": false
      }
    ],
    "isTemplate": false,
    "count": 0,
    "updated": 0
  },
  {
    "id": "fddb453d-7e93-4f7f-aacc-12dcc75b0c28",
    "data": [
      {
        "text": "I\u0027m feeling hot",
        "userDefined": false
      }
    ],
    "isTemplate": false,
    "count": 0,
    "updated": 0
  },
  {
    "id": "167e6755-4f0a-4e05-824d-9afbf3321591",
    "data": [
      {
        "text": "it\u0027s very hot",
        "userDefined": false
      }
    ],
    "isTemplate": false,
    "count": 0,
    "updated": 0
  },
  {
    "id": "17a28d74-8a62-4ec3-93a3-cf6ad573eee4",
    "data": [
      {
        "text": "it\u0027s very hot here",
        "userDefined": false
      }
    ],
    "isTemplate": false,
    "count": 1,
    "updated": 0
  },
  {
    "id": "a8bb1142-53c6-4b01-b539-1a93f963ab59",
    "data": [
      {
        "text": "it is really hot here",
        "userDefined": false
      }
    ],
    "isTemplate": false,
    "count": 0,
    "updated": 0
  },
  {
    "id": "e4122c0b-8850-4f5a-8945-968648560fc3",
    "data": [
      {
        "text": "it is really hot",
        "userDefined": false
      }
    ],
    "isTemplate": false,
    "count": 0,
    "updated": 0
  },
  {
    "id": "fb804de0-db2d-443f-9040-d55bf570809b",
    "data": [
      {
        "text": "it is too hot",
        "userDefined": false
      }
    ],
    "isTemplate": false,
    "count": 0,
    "updated": 0
  },
  {
    "id": "607cd4b4-c1af-4e8b-8fad-20aa9ab33e33",
    "data": [
      {
        "text": "it\u0027s too hot in here",
        "userDefined": false
      }
    ],
    "isTemplate": false,
    "count": 0,
    "updated": 0
  },
  {
    "id": "3b3d6ebf-a9bd-41ff-9e23-566df24f1f8a",
    "data": [
      {
        "text": "it\u0027s too warm here",
        "userDefined": false
      }
    ],
    "isTemplate": false,
    "count": 0,
    "updated": 0
  },
  {
    "id": "923f9013-0261-44bf-907b-851f7e447708",
    "data": [
      {
        "text": "it is too warm in here",
        "userDefined": false
      }
    ],
    "isTemplate": false,
    "count": 0,
    "updated": 0
  }
]